index,build,test_index,SIZE,LISTSorQUEUES_PER_CORE,RATE,GPU-POWER,RX-RATE-PPS,RX-RATE-MBPS,LOSE-RATE,AVG-LAT,RX-GOODPUT-GBPS-PKTGEN,run_index
0,ROI,0,64,1,100,345.16999999999996,39432481.0,26498.7350976,0.14879851243089,0.00030664197530863997,27.0,0
1,ROI,0,64,1,100,342.05,39038742.0,26234.0903616,0.16136071638652,0.00031310609567901,26.0,1
2,ROI,0,64,1,100,333.29999999999995,39050897.0,26242.8719872,0.16006603359656,0.00031112114197531,27.0,2
3,ROI,1,64,1,26,365.24999999999994,35054519.0,23556.6423776,0.0018321436445402,0.00014421643518518998,24.0,0
4,ROI,1,64,1,26,356.46,35075830.0,23570.967648,0.0017187477227026,0.00014357407407407,24.0,1
5,ROI,1,64,1,26,353.77,35088764.0,23579.659024,0.0017944919242202,0.00014379552469136,24.0,2
6,ROI,2,64,1,21,337.28000000000003,30649083.0,20596.1902368,0.0015963307004419,0.00015041820987654,21.0,0
7,ROI,2,64,1,21,337.71,30643073.0,20592.1546176,0.0018450008892916,0.00015231944444444,21.0,1
8,ROI,2,64,1,21,334.41,30650398.0,20597.0732352,0.0016100059044961,0.000149375,21.0,2
9,ROI,3,64,1,23,349.78,32819715.0,22054.8559264,0.0016930362011079,0.00014710956790123,22.0,0
10,ROI,3,64,1,23,346.53999999999996,32814969.0,22051.6689376,0.0015633284404059,0.00014685300925926,22.0,1
11,ROI,3,64,1,23,347.04,32817560.0,22053.4098816,0.0017628863984979,0.00014889274691358,22.0,2
12,ROI,4,64,1,22,344.49,31626530.0,21253.036624,0.0015652048085121,0.00014824575617284,21.0,0
13,ROI,4,64,1,22,345.4,31623825.0,21251.2169344,0.0017977965657122,0.00014676851851852,21.0,1
14,ROI,4,64,1,22,346.36,31626882.0,21253.2723808,0.0016688704139615,0.00014876466049383,21.0,2
15,ROI,5,128,1,100,348.0200000000001,38111540.0,45124.7442656,0.010793663375917,0.00018482137345679,46.0,0
16,ROI,5,128,1,100,331.32,38054771.0,45057.8657472,0.013501833469253,0.00020046720679012,46.0,1
17,ROI,5,128,1,100,276.73,37702436.0,44640.735648,0.025867222835566,0.00029174845679012,46.0,2
18,ROI,6,128,1,46,334.29,30759531.0,36419.2449856,0.0022347589492212,0.00015788155864198,37.0,0
19,ROI,6,128,1,46,330.5,30746004.0,36403.2284192,0.0020962532075294,0.00015795833333333,37.0,1
20,ROI,6,128,1,46,333.76,30767265.0,36428.4015584,0.0019541929509023,0.00015723765432099,37.0,2
21,ROI,7,128,1,27,267.63000000000005,22326236.0,26434.2220896,0.0013420771828079,0.00017992399691358,27.0,0
22,ROI,7,128,1,27,264.26,22322758.0,26430.1052128,0.0015630450721672,0.00017973649691358,27.0,1
23,ROI,7,128,1,27,266.92,22328075.0,26436.3933888,0.0013601010980843,0.0001769012345679,27.0,2
24,ROI,8,128,1,33,290.2,26646802.0,31549.7682272,0.0015760055974805,0.00016459027777778,32.0,0
25,ROI,8,128,1,33,289.59999999999997,26641208.0,31543.1484672,0.0014108554894682,0.00016610069444444,32.0,1
26,ROI,8,128,1,33,287.26,26630736.0,31530.7434144,0.001615901633057,0.00016448688271604998,32.0,2
27,ROI,9,128,1,30,276.76000000000005,24595499.0,29121.0313632,0.0013456487291256,0.00017165277777777998,29.0,0
28,ROI,9,128,1,30,275.40999999999997,24591563.0,29116.3661888,0.0015632843753816,0.00016908564814815,29.0,1
29,ROI,9,128,1,30,274.04,24602341.0,29129.1318176,0.0013639542399021,0.00017018287037037002,29.0,2
30,ROI,10,128,1,29,271.02,23947151.0,28353.3867616,0.001767007517701,0.00017262962962963,29.0,0
31,ROI,10,128,1,29,273.84000000000003,23966458.0,28376.2414992,0.0013560646665197,0.00017241628086419998,29.0,1
32,ROI,10,128,1,29,273.41999999999996,23960273.0,28368.9169632,0.0015722515529478,0.00017255671296296,29.0,2
33,ROI,11,256,1,100,303.69,28132769.0,62117.0143104,0.0010325671516282,0.00037830208333333,63.0,0
34,ROI,11,256,1,100,305.08000000000004,27915284.0,61636.7990112,0.00085450317852809,0.00038080054012346,62.0,1
35,ROI,11,256,1,100,304.76,28265018.0,62409.0186848,0.0010416656579308,0.00037571913580247,63.0,2
36,ROI,12,256,1,62,282.1,25918643.0,57228.2200224,0.0005054190268059,0.00018633641975309,58.0,0
37,ROI,12,256,1,62,281.29,25915342.0,57220.9070144,0.00068532839190361,0.00018392283950617,58.0,1
38,ROI,12,256,1,62,280.61,25950476.0,57298.5104832,0.00038574386720469,0.00018655054012346,58.0,2
39,ROI,13,256,1,53,267.95,23528597.0,51951.0012736,0.00070402963304539,0.00018629861111111,53.0,0
40,ROI,13,256,1,53,268.41999999999996,23537898.0,51971.5286656,0.00051822703500803,0.00018825848765432,53.0,1
41,ROI,13,256,1,53,268.68,23531679.0,51957.800176,0.00072513810145813,0.00018566705246914,53.0,2
42,ROI,14,256,1,56,270.75,24550030.0,54206.3254944,0.00051067124126325,0.00018822916666667,55.0,0
43,ROI,14,256,1,56,271.44,24552366.0,54211.4759776,0.00057679275815192,0.00018671180555556,55.0,1
44,ROI,14,256,1,56,272.02,24555958.0,54219.3968448,0.00055192370002943,0.00018720100308642,55.0,2
45,ROI,15,256,1,55,272.72999999999996,24148758.0,53320.3189248,0.00059505519906322,0.00018693479938272,54.0,0
46,ROI,15,256,1,55,270.02,24158161.0,53341.0818528,0.00050838938469722,0.00018358912037037,54.0,1
47,ROI,15,256,1,55,272.21999999999997,24147653.0,53317.876416,0.00072953420151212,0.00018673804012346,54.0,2
48,ROI,16,256,1,54,270.53000000000003,23943234.0,52866.5205888,0.00044118256197034,0.00018857793209877,54.0,0
49,ROI,16,256,1,54,273.04,23942077.0,52863.9675904,0.00071617890301001,0.00018594714506173,54.0,1
50,ROI,16,256,1,54,271.96,23951645.0,52885.0818208,0.00051076441886178,0.00018452893518519,54.0,2
51,ROI,17,512,1,100,255.57,17370917.0,73930.2588,0.00038097455955544,0.00058052314814815,75.0,0
52,ROI,17,512,1,100,254.98000000000005,17363793.0,73899.9522048,0.0005426454949562,0.00057926157407407,74.0,1
53,ROI,17,512,1,100,260.31,17673220.0,75216.8607296,0.00037209698625984,0.00057004899691358,76.0,2
54,ROI,18,512,1,75,255.23,17161600.0,73039.43192,0.00051572888656648,0.00024114544753086,74.0,0
55,ROI,18,512,1,75,259.85,17167921.0,73066.3266304,0.0003342327474456,0.00024154899691358,74.0,1
56,ROI,18,512,1,75,255.22,17167780.0,73065.7200416,0.00039803509322067,0.00024274305555556,74.0,2
57,ROI,19,512,1,72,254.57999999999998,16498056.0,70215.3901696,0.0003478896275364,0.00023963310185185,71.0,0
58,ROI,19,512,1,72,255.42999999999998,16496493.0,70208.7369536,0.00054817953109865,0.00024166280864198,71.0,1
59,ROI,19,512,1,72,260.32,16502517.0,70234.3791648,0.00032051497955321,0.00024007947530864002,71.0,2
60,ROI,20,512,1,69,259.8,15880073.0,67585.25736,0.00052252036989209,0.00023807291666667,69.0,0
61,ROI,20,512,1,69,258.68,15885285.0,67607.4267424,0.00035865617696251,0.00024029050925926,69.0,1
62,ROI,20,512,1,69,254.05999999999997,15882981.0,67597.629456,0.00041607737371396,0.00024107484567901,69.0,2
63,ROI,21,512,1,71,258.98,16285781.0,69311.9490464,0.00037929749757748,0.00023980478395061998,71.0,0
64,ROI,21,512,1,71,254.45999999999998,16286451.0,69314.7959136,0.00050929898859575,0.00024180169753086,71.0,1
65,ROI,21,512,1,71,259.61,16287836.0,69320.693472,0.00048596089050379,0.00024188927469135998,71.0,2
66,ROI,22,1024,1,100,252.82,11154017.0,93157.5915328,0.00033844505491565,0.00087427083333333,95.0,0
67,ROI,22,1024,1,100,254.10000000000002,11199414.0,93536.7596448,0.00025068240030657,0.00087214853395062,95.0,1
68,ROI,22,1024,1,100,253.0,11440023.0,95546.3337664,0.00037590681949762,0.0008689108796296301,97.0,2
69,ROI,23,1024,1,95,253.26999999999998,11131636.0,92970.6814304,0.00034248278836968,0.00034159027777778,95.0,0
70,ROI,23,1024,1,95,253.49,11132912.0,92981.3350336,0.00033944548007503,0.00034302199074074004,95.0,1
71,ROI,23,1024,1,95,257.65,11133099.0,92982.8960064,0.00044214306670809,0.00034237075617284,95.0,2
72,ROI,24,1024,1,96,252.88,11227298.0,93769.648752,0.00036111408047712,0.00034122839506172997,96.0,0
73,ROI,24,1024,1,96,257.90999999999997,11229879.0,93791.1942976,0.0004370175415751,0.00034588194444444,96.0,1
74,ROI,24,1024,1,96,253.80999999999997,11233883.0,93824.6398816,0.00029559840826254,0.00034219290123457,96.0,2
75,ROI,25,64,2,100,349.99,39344903.0,26439.8697248,0.15088225728674,0.00030633140432098996,27.0,0
76,ROI,25,64,2,100,338.69,39372937.0,26458.80984,0.14997755553315,0.00031130478395062,27.0,1
77,ROI,25,64,2,100,348.6,39478604.0,26529.8774816,0.14913214078219,0.00030785339506173,27.0,2
78,ROI,26,64,2,27,345.33,35463017.0,23831.1571264,0.0019475789001525,0.00014629938271605,24.0,0
79,ROI,26,64,2,27,349.26000000000005,35485813.0,23846.4718432,0.0018963815436916,0.00014536111111111,24.0,1
80,ROI,26,64,2,27,348.86,35200790.0,23654.9375904,0.0040271991232693,0.00014530478395061999,24.0,2
81,ROI,27,64,2,20,315.57,28974775.0,19471.0585536,0.0016396976133239,0.00015267206790123,19.0,0
82,ROI,27,64,2,20,309.86,28982187.0,19476.0361216,0.0015472679139211,0.00015267978395062,19.0,1
83,ROI,27,64,2,20,311.54,28973031.0,19469.8864512,0.0017629874016237,0.00015321219135802,19.0,2
84,ROI,28,64,2,17,277.07,24738198.0,16624.076768,0.0015833200705904,0.00016386111111111,17.0,0
85,ROI,28,64,2,17,277.24,24740061.0,16625.3308896,0.0016409406643116,0.00016620293209877,17.0,1
86,ROI,28,64,2,17,278.52,24737258.0,16623.4440768,0.0016386241323726,0.00016574228395062,17.0,2
87,ROI,29,64,2,19,297.99,27712172.0,18622.588848,0.0016543499226475,0.00015687229938272,19.0,0
88,ROI,29,64,2,19,298.54999999999995,27609045.0,18553.2875232,0.0016405012946071,0.00015884799382716,19.0,1
89,ROI,29,64,2,19,300.96,27724258.0,18630.70896,0.0014717817449404,0.00015614081790123,19.0,2
90,ROI,30,128,2,100,347.92,34811700.0,41217.1262208,0.0049160207011949,0.00015500385802469,42.0,0
91,ROI,30,128,2,100,351.58,34822463.0,41229.824736,0.005367300530024,0.00015685841049383002,42.0,1
92,ROI,30,128,2,100,347.92,34842572.0,41253.6055744,0.0050957154331963,0.00015777353395062,42.0,2
93,ROI,31,128,2,42,323.32,29898565.0,35399.8612704,0.0017381840714418,0.00016168788580247,36.0,0
94,ROI,31,128,2,42,318.24000000000007,29907267.0,35410.157952,0.0016592463744093,0.00016205054012346,36.0,1
95,ROI,31,128,2,42,323.56,29954803.0,35466.452768,0.0016966003571787,0.00016188734567900998,36.0,2
96,ROI,32,128,2,29,274.94,23956151.0,28364.0437536,0.0015611864797187,0.00017115239197531,29.0,0
97,ROI,32,128,2,29,274.32000000000005,23960957.0,28369.7335168,0.0015253715554366,0.00017170524691358,29.0,1
98,ROI,32,128,2,29,274.53999999999996,23963168.0,28372.351104,0.0013775708413404,0.00017178009259259,29.0,2
99,ROI,33,128,2,33,287.78999999999996,26639156.0,31540.7138848,0.0015599396008585,0.00016662654320988,32.0,0
100,ROI,33,128,2,33,286.98,26641676.0,31543.704048,0.0015869047384289,0.0001661763117284,32.0,1
101,ROI,33,128,2,33,289.83,26633653.0,31534.2058848,0.001564183973275,0.00016611149691358,32.0,2
102,ROI,34,128,2,31,279.56,25432438.0,30111.9668032,0.0014535604773744,0.00016793518518519,30.0,0
103,ROI,34,128,2,31,280.06,25435825.0,30115.976304,0.001535755797364,0.00016804938271605,30.0,1
104,ROI,34,128,2,31,279.32,25435831.0,30115.9848256,0.0013313602050603,0.00016782523148147998,30.0,2
105,ROI,35,128,2,30,275.97,24586271.0,29110.0955424,0.0015426535835409,0.00017024151234568,29.0,0
106,ROI,35,128,2,30,276.03,24592481.0,29117.4533632,0.0013190436223484,0.00017116782407407,29.0,1
107,ROI,35,128,2,30,276.77,24593051.0,29118.132576,0.0015213400056507,0.0001708962191358,29.0,2
108,ROI,36,256,2,100,298.01,27262890.0,60196.3227456,0.00071084225515494,0.00017969483024690998,61.0,0
109,ROI,36,256,2,100,294.37,27267405.0,60206.2922272,0.00082185916427235,0.00018248996913580002,61.0,1
110,ROI,36,256,2,100,296.94,27278602.0,60231.0124704,0.00058893534226867,0.00018059297839506,61.0,2
111,ROI,37,256,2,61,282.29999999999995,25877326.0,57136.9970208,0.00045831094480786,0.00018301851851852002,58.0,0
112,ROI,37,256,2,61,284.78,25855657.0,57089.1419712,0.00048682842918135,0.00018643171296296,58.0,1
113,ROI,37,256,2,61,285.18999999999994,25881304.0,57145.7791488,0.00062533065210146,0.00018691087962963,58.0,2
114,ROI,38,256,2,54,271.89,23942832.0,52865.6272384,0.0005743221145279,0.00018828703703704,54.0,0
115,ROI,38,256,2,54,271.52,23937240.0,52853.2858848,0.00070414229422833,0.00018746759259259,54.0,1
116,ROI,38,256,2,54,269.69,23944542.0,52869.3857472,0.00042601158172073,0.00018615817901235,54.0,2
117,ROI,39,256,2,57,274.74999999999994,24927914.0,55040.6955456,0.00059362408062502,0.00018561342592593,56.0,0
118,ROI,39,256,2,57,275.1,24935873.0,55058.2596864,0.00057173230407193,0.00018716820987654,56.0,1
119,ROI,39,256,2,57,275.13,24931269.0,55048.1027872,0.00064708514359957,0.0001852388117284,56.0,2
120,ROI,40,256,2,56,273.72999999999996,24552808.0,54212.459952,0.00037299126347745,0.00018522299382716,55.0,0
121,ROI,40,256,2,56,272.05,24550760.0,54207.929728,0.00056627666619269,0.00018755864197530998,55.0,1
122,ROI,40,256,2,56,273.53,24549155.0,54204.3970464,0.00049521363447624,0.00018689969135802,55.0,2
123,ROI,41,256,2,55,269.29,24148135.0,53318.9424384,0.00055249088003073,0.00018579899691358,54.0,0
124,ROI,41,256,2,55,271.2,24150270.0,53323.6520608,0.00050794735037751,0.00018597183641975,54.0,1
125,ROI,41,256,2,55,271.51,24154189.0,53332.3067104,0.00060188500131153,0.0001860825617284,54.0,2
126,ROI,42,512,2,100,254.74,17561310.0,74740.5957408,0.00030798576642721,0.00056193827160494,76.0,0
127,ROI,42,512,2,100,259.82,17556023.0,74718.0629984,0.00041884308199347,0.00056484915123457,76.0,1
128,ROI,42,512,2,100,259.71,17564553.0,74754.402016,0.00036167167403434,0.00056387731481481,76.0,2
129,ROI,43,512,2,76,259.40000000000003,17397854.0,74044.9265792,0.00044417924988294,0.00024271836419753002,75.0,0
130,ROI,43,512,2,76,258.55,17402611.0,74065.1495424,0.00029269219830441,0.00024528973765432,75.0,1
131,ROI,43,512,2,76,253.23000000000002,17404468.0,74073.079216,0.00040605832519758,0.00024266628086419998,75.0,2
132,ROI,44,512,2,73,257.90000000000003,16714036.0,71134.5764416,0.00033226887950855,0.00024242206790123,72.0,0
133,ROI,44,512,2,73,258.25,16714882.0,71138.1997616,0.00042258830249142,0.00024095910493827,72.0,1
134,ROI,44,512,2,73,252.56,16715215.0,71139.5968832,0.00046657246995552,0.00024288271604938,72.0,2
135,ROI,45,512,2,70,258.23999999999995,16080863.0,68439.8138112,0.00043453277129024,0.00026040470679011997,70.0,0
136,ROI,45,512,2,70,253.81,16081673.0,68443.2475456,0.00045211160983583,0.00025723341049383,70.0,1
137,ROI,45,512,2,70,253.65,16081549.0,68442.737088,0.00039237035460093,0.0002630262345679,70.0,2
138,ROI,46,512,2,72,254.02,16497437.0,70212.72344,0.00040121645469893,0.0002410474537037,71.0,0
139,ROI,46,512,2,72,258.73,16496643.0,70209.3757792,0.00045817413300009,0.0002412962962963,71.0,1
140,ROI,46,512,2,72,254.68999999999997,16499702.0,70222.3913184,0.00045200375366727,0.0002430524691358,71.0,2
141,ROI,47,512,2,71,254.71000000000004,16282371.0,69297.4320192,0.00048703201075728,0.00024008333333333,71.0,0
142,ROI,47,512,2,71,259.04999999999995,16288100.0,69321.8198464,0.00040928469938073,0.00024063425925926002,71.0,1
143,ROI,47,512,2,71,259.28000000000003,16284393.0,69306.0374912,0.00045482993110924,0.00024174961419753,71.0,2
144,ROI,48,1024,2,100,253.07999999999996,11640851.0,97223.635232,0.00029840284956639,0.00080908487654321,99.0,0
145,ROI,48,1024,2,100,252.51,11627155.0,97109.254448,0.00038696982475317,0.00082414197530864,99.0,1
146,ROI,48,1024,2,100,258.02,11639891.0,97215.615072,0.00025061820560246,0.0008251199845679,99.0,2
147,ROI,49,1024,2,99,253.53,11517717.0,96195.2120736,0.00030931456051364,0.00051860570987654,99.0,0
148,ROI,49,1024,2,99,257.73,11590753.0,96805.2230528,0.00036959771554723,0.0003579375,99.0,1
149,ROI,49,1024,2,99,253.84,11590691.0,96804.715424,0.00036262505663587,0.00035398263888889,99.0,2
