index,build,test_index,RATE,SIZE,NTHREADS,BATCH,CAPACITY,QUEUES_PER_CORE,ZEROCOPY,RX-RATE-PPS,RX-RATE-MBPS,LOSE-RATE,AVG-LAT,run_index
0,local,1,0.1,128,1,64,256,1,true,145122.0,176.4256544,0.0016084647348579,0.00088836728395062,0
1,local,1,0.1,128,1,64,256,1,true,145157.0,176.4719168,0.001497504388644,0.00088503047839506,1
2,local,2,100.0,256,1,64,256,1,true,1307582.0,2928.980912,0.97058565403467,0.007212614969135799,0
3,local,2,100.0,256,1,64,256,1,true,1304070.0,2921.112784,0.97067030275959,,1
4,local,3,0.1,256,1,64,256,1,true,145122.0,324.937904,0.0015164118558088,0.0011105069444444001,0
5,local,3,0.1,256,1,64,256,1,true,145148.0,324.995248,0.001472870563502,0.0011147322530864002,1
6,local,4,100.0,1024,1,64,256,1,true,393881.0,3302.2740352,0.96648496825542,0.024077367283951,0
7,local,4,100.0,1024,1,64,256,1,true,395000.0,3311.648912,0.96639197386624,,1
8,local,5,0.1,1024,1,64,256,1,true,145092.0,1215.7317664,0.0015503982658661,0.0012692237654321,0
9,local,5,0.1,1024,1,64,256,1,true,145117.0,1215.94472,0.001551501240857,0.0012754826388889,1
10,local,6,100.0,128,4,64,256,1,true,9223954.0,11216.3204032,0.81826575838211,0.0041582511574074,0
11,local,6,100.0,128,4,64,256,1,true,9227630.0,11220.7911616,0.81811712629523,0.0043553765432099,1
12,local,7,0.1,128,4,64,256,1,true,145345.0,176.7008096,2.6143880783924e-05,0.0007617388117284001,0
13,local,7,0.1,128,4,64,256,1,true,145355.0,176.7138368,3.3709225595868e-05,0.00080644907407407,1
14,local,8,100.0,256,4,64,256,1,true,6303658.0,14120.167104,0.85310118681012,0.0082404463734568,0
15,local,8,100.0,256,4,64,256,1,true,6281554.0,14070.6614528,0.85554789469157,0.0082636759259259,1
16,local,9,0.1,256,4,64,256,1,true,145318.0,325.377984,2.890125679178e-05,0.0006773483796296301,0
17,local,9,0.1,256,4,64,256,1,true,145383.0,325.524256,1.9946845096874e-05,0.0006189467592592601,1
18,local,10,100.0,1024,4,64,256,1,true,2012761.0,16874.8594912,0.8287143549734,0.025245697916667,0
19,local,10,100.0,1024,4,64,256,1,true,2015606.0,16898.7261472,0.82849911114412,0.025513584104937998,1
20,local,11,0.1,1024,4,64,256,1,true,145304.0,1217.5211104,3.7161852945e-05,0.0011969247685185,0
21,local,11,0.1,1024,4,64,256,1,true,145311.0,1217.5756064,3.6472064119275e-05,0.0012078819444444,1
22,local,12,100.0,128,16,64,256,1,true,24830172.0,30193.4650528,0.47062170198865,0.0013954494598765,0
23,local,12,100.0,128,16,64,256,1,true,24402267.0,29673.1306336,0.48115321151941,0.0014140439814814998,1
24,local,13,0.1,128,16,64,256,1,true,145324.0,176.6753952,0.00012590896987885,0.0012088564814815,0
25,local,13,0.1,128,16,64,256,1,true,145358.0,176.7170304,0.00010730912732915,0.0015417997685185,1
26,local,14,100.0,256,16,64,256,1,true,8737208.0,19571.3304928,0.78805694734385,0.008107297453703699,0
27,local,14,100.0,256,16,64,256,1,true,5195843.0,11638.676464,0.87820631658343,0.0069892827932099,1
28,local,15,0.1,256,16,64,256,1,true,145329.0,325.402288,0.00013278403399275,0.0012571678240741,0
29,local,15,0.1,256,16,64,256,1,true,145350.0,325.44648,0.00012726252125628,0.0012403240740741,1
30,local,16,100.0,1024,16,64,256,1,true,2028363.0,17005.7931168,0.82739291551406,0.01848999537037,0
31,local,16,100.0,1024,16,64,256,1,true,2035383.0,17064.3503712,0.82679136335412,0.024832417052469,1
32,local,17,0.1,1024,16,64,256,1,true,145303.0,1217.5120864,0.00013280815620986,0.0012756755401235,0
33,local,17,0.1,1024,16,64,256,1,true,145321.0,1217.6602848,0.00014379836854217,0.0016205424382716,1
34,local,18,100.0,128,1,256,256,1,true,3980110.0,4839.8120416,0.92299371349708,0.0007460092592592601,0
35,local,18,100.0,128,1,256,256,1,true,3972672.0,4830.7622432,0.92300055690708,0.00073760609567901,1
36,local,19,0.1,128,1,256,256,1,true,145130.0,176.4391424,0.0014558804912014,0.0012206415895062,0
37,local,19,0.1,128,1,256,256,1,true,145163.0,176.4791328,0.0014569197497235,0.0012016539351852,1
38,local,20,100.0,256,1,256,256,1,true,3785561.0,8479.644704,0.91462237528886,0.00087785416666667,0
39,local,20,100.0,256,1,256,256,1,true,3797865.0,8507.205872,0.9144761159145,0.00087743672839506,1
40,local,21,0.1,256,1,256,256,1,true,145123.0,324.941408,0.0014580087962173,0.0012891365740741,0
41,local,21,0.1,256,1,256,256,1,true,145149.0,324.999424,0.0014996505401493,0.001295849537037,1
42,local,22,100.0,1024,1,256,256,1,true,2274581.0,19069.9659264,0.80647233604001,0.0051950509259259,0
43,local,22,100.0,1024,1,256,256,1,true,2267945.0,19014.3168832,0.80702153426141,0.0035350941358025002,1
44,local,23,0.1,1024,1,256,256,1,true,145097.0,1215.7916896,0.0015008670758898,0.0013813337191358,0
45,local,23,0.1,1024,1,256,256,1,true,145118.0,1215.9542272,0.0015432449149633,0.0013779799382716,1
46,local,24,100.0,128,4,256,256,1,true,13962757.0,16978.7002336,0.72451592145187,0.00066851543209877,0
47,local,24,100.0,128,4,256,256,1,true,14434847.0,17552.7618464,0.71498704342245,0.000662875,1
48,local,25,0.1,128,4,256,256,1,true,145298.0,176.6431712,0.00013212448603916,0.0011735763888889,0
49,local,25,0.1,128,4,256,256,1,true,145370.0,176.7309664,3.2330136089276e-05,0.001171986882716,1
50,local,26,100.0,256,4,256,256,1,true,12434170.0,27852.4932288,0.68695952998732,0.00095452700617284,0
51,local,26,100.0,256,4,256,256,1,true,13248641.0,29676.908896,0.6603922270259,0.00088795794753086,1
52,local,27,0.1,256,4,256,256,1,true,145323.0,325.388592,0.00013210121429919,0.0011901064814814999,0
53,local,27,0.1,256,4,256,256,1,true,145349.0,325.4462208,0.00013207785989844,0.0011920570987654,1
54,local,28,100.0,1024,4,256,256,1,true,6006923.0,50361.6541536,0.48402986298451,0.0026612503858025,0
55,local,28,100.0,1024,4,256,256,1,true,5632756.0,47224.6935264,0.51909543545381,0.0023340335648147996,1
56,local,29,0.1,1024,4,256,256,1,true,145290.0,1217.4047712,0.00013281985498548,0.0013002851080247,0
57,local,29,0.1,1024,4,256,256,1,true,145323.0,1217.6736992,0.0001327898809983,0.0012943028549383,1
58,local,30,100.0,128,16,256,256,1,true,41335087.0,50269.9732928,0.0067354582901687,0.0002536824845679,0
59,local,30,100.0,128,16,256,256,1,true,41370608.0,50311.8585536,0.006189128628056,0.00024743788580247,1
60,local,31,0.1,128,16,256,256,1,true,145308.0,176.65632,0.00018302517215374,0.0018943815586420002,0
61,local,31,0.1,128,16,256,256,1,true,145353.0,176.7108384,0.00013964020977675,0.0018193634259258999,1
62,local,32,100.0,256,16,256,256,1,true,29796152.0,66743.226944,0.011264288702445,0.0008066099537036999,0
63,local,32,100.0,256,16,256,256,1,true,29541850.0,66173.599968,0.010908218782878,0.00081638966049383,1
64,local,33,0.1,256,16,256,256,1,true,145287.0,325.308208,0.00015690560132353,0.0019309459876543,0
65,local,33,0.1,256,16,256,256,1,true,145369.0,325.490064,4.0584666837762e-05,0.0011868360339506,1
66,local,34,100.0,1024,16,256,256,1,true,10133310.0,84957.0565728,0.11683715945162,0.0038072033179012,0
67,local,34,100.0,1024,16,256,256,1,true,10138310.0,84998.923072,0.11896979250506,0.0038062280092593,1
68,local,35,0.1,1024,16,256,256,1,true,145296.0,1217.4446176,0.00014451115660541,0.0012743703703704,0
69,local,35,0.1,1024,16,256,256,1,true,145346.0,1217.8650208,0.00015133921446697,0.0022080918209877,1
70,local,36,100.0,128,1,1024,256,1,true,3201503.0,3893.0264576,0.93819495637427,0.00091790856481481,0
71,local,36,100.0,128,1,1024,256,1,true,3174470.0,3860.1533536,0.93870171121718,0.00094210455246914,1
72,local,37,0.1,128,1,1024,256,1,true,145188.0,176.5095328,0.00093239996999805,0.0012019807098765,0
73,local,37,0.1,128,1,1024,256,1,true,145252.0,176.5869504,0.00080278574219506,0.0011994872685185001,1
74,local,38,100.0,256,1,1024,256,1,true,2915902.0,6531.604912,0.9320331097522,0.0012321558641975,0
75,local,38,100.0,256,1,1024,256,1,true,2906788.0,6511.196192,0.93228920234061,0.0012391500771604998,1
76,local,39,0.1,256,1,1024,256,1,true,145212.0,325.142112,0.00097348274286846,0.001299513117284,0
77,local,39,0.1,256,1,1024,256,1,true,145239.0,325.1995968,0.0008894618377534,0.0012962962962963,1
78,local,40,100.0,1024,1,1024,256,1,true,2246874.0,18837.6724288,0.80507313166587,0.0021013560956790003,0
79,local,40,100.0,1024,1,1024,256,1,true,2252244.0,18882.681216,0.80456418770879,0.0020676902006173,1
80,local,41,0.1,1024,1,1024,256,1,true,145181.0,1216.4821344,0.00093450547938134,0.0013735262345679,0
81,local,41,0.1,1024,1,1024,256,1,true,145193.0,1216.5906848,0.00093305662745446,0.0013730432098765,1
82,local,42,100.0,128,4,1024,256,1,true,11641841.0,14156.4691872,0.77220843152266,0.00099792515432099,0
83,local,42,100.0,128,4,1024,256,1,true,11667244.0,14187.3591136,0.77144735237642,0.0010059807098764999,1
84,local,43,0.1,128,4,1024,256,1,true,145311.0,176.658736,0.00013211284914438,0.0011718587962963,0
85,local,43,0.1,128,4,1024,256,1,true,145342.0,176.6972928,0.0001320844019328,0.0011723016975309,1
86,local,44,100.0,256,4,1024,256,1,true,9994369.0,22387.343936,0.75022032481112,0.0012956882716049,0
87,local,44,100.0,256,4,1024,256,1,true,9926686.0,22235.748848,0.75129798760479,0.0012776327160494,1
88,local,45,0.1,256,4,1024,256,1,true,145312.0,325.3622208,3.7160011698512e-05,0.0011858580246914,0
89,local,45,0.1,256,4,1024,256,1,true,145297.0,325.330608,0.00013212521341321,0.0011852700617284,1
90,local,46,100.0,1024,4,1024,256,1,true,5371277.0,45032.43672,0.53262182346761,0.002748513117284,0
91,local,46,100.0,1024,4,1024,256,1,true,5361977.0,44954.4835488,0.53401877006619,0.0027642762345679,1
92,local,47,0.1,1024,4,1024,256,1,true,145303.0,1217.5171168,0.00017202383286985,0.0012916967592593001,0
93,local,47,0.1,1024,4,1024,256,1,true,145323.0,1217.6743392,0.0001327891500944,0.001297494212963,1
94,local,48,100.0,128,16,1024,256,1,true,38017047.0,46415.6560288,0.10934288274393,0.0012085721450617,0
95,local,48,100.0,128,16,1024,256,1,true,38364684.0,46851.3765632,0.097375096465375,0.0012017962962963,1
96,local,49,0.1,128,16,1024,256,1,true,145308.0,176.65624,0.00018440130126773,0.0011824436728395,0
97,local,49,0.1,128,16,1024,256,1,true,145356.0,176.7150528,7.0855048456608e-05,0.0012413445216048998,1
98,local,50,100.0,256,16,1024,256,1,true,29474716.0,66023.220944,0.025523102652362,0.0018466500771604998,0
99,local,50,100.0,256,16,1024,256,1,true,29466306.0,66004.389184,0.022644169429665,0.0018301022376543,1
100,local,51,0.1,256,16,1024,256,1,true,145306.0,325.35032,0.00015963723813817,0.0018808985339506,0
101,local,51,0.1,256,16,1024,256,1,true,145349.0,325.445264,0.00013414166873615,0.00120234375,1
102,local,52,100.0,1024,16,1024,256,1,true,11384603.0,95447.7622592,0.0106586752101,0.0025702291666667002,0
103,local,52,100.0,1024,16,1024,256,1,true,11237055.0,94210.7241056,0.0080733095267393,0.0024142581018519,1
104,local,53,0.1,1024,16,1024,256,1,true,145308.0,1217.556048,9.5649397477637e-05,0.0012773807870369999,0
105,local,53,0.1,1024,16,1024,256,1,true,145313.0,1217.5891008,0.00015756591622174,0.0012921566358024999,1
106,local,54,100.0,128,1,64,256,4,true,3488790.0,4242.3660608,0.93205039933398,0.00072244945987654,0
107,local,54,100.0,128,1,64,256,4,true,3499351.0,4255.2085248,0.93175315143208,,1
108,local,55,0.1,128,1,64,256,4,true,145116.0,176.4219072,0.0015130456321902,0.0010299216820988,0
109,local,55,0.1,128,1,64,256,4,true,145142.0,176.4539776,0.0014598801274678,0.0009880667438271601,1
110,local,56,100.0,256,1,64,256,4,true,3040244.0,6810.137632,0.93160503844171,0.0009422002314814801,0
111,local,56,100.0,256,1,64,256,4,true,3052152.0,6836.812288,0.93134013486213,0.00094362885802469,1
112,local,57,0.1,256,1,64,256,4,true,145148.0,324.9957568,0.0015147689977278,0.0011251728395062,0
113,local,57,0.1,256,1,64,256,4,true,145148.0,324.99592,0.0015147679557099,0.0011847114197531,1
114,local,58,100.0,1024,1,64,256,4,true,1448056.0,12140.4199168,0.87676978146457,0.025683536651235,0
115,local,58,100.0,1024,1,64,256,4,true,1448128.0,12141.0058816,0.87679298735049,0.025649607638889,1
116,local,59,0.1,1024,1,64,256,4,true,145109.0,1215.8820384,0.001515176536645,0.0013545030864197999,0
117,local,59,0.1,1024,1,64,256,4,true,145124.0,1216.0042464,0.0015033383054729,0.0013699567901235,1
118,local,60,100.0,128,4,64,256,4,true,12270114.0,14920.4461088,0.75698057572384,0.00072935108024691,0
119,local,60,100.0,128,4,64,256,4,true,12318531.0,14979.3239008,0.75605163475265,0.0007194440586419799,1
120,local,61,0.1,128,4,64,256,4,true,145351.0,176.7078304,2.820676522064e-05,0.00074054783950617,0
121,local,61,0.1,128,4,64,256,4,true,145363.0,176.7228672,3.0268009465595e-05,0.0007237878086419799,1
122,local,62,100.0,256,4,64,256,4,true,10866525.0,24340.9788,0.72931563509506,0.00096634066358025,0
123,local,62,100.0,256,4,64,256,4,true,10860894.0,24328.360464,0.73399413853181,0.0009681651234567899,1
124,local,63,0.1,256,4,64,256,4,true,145340.0,325.42816,6.880342586002e-06,0.0006600162037037,0
125,local,63,0.1,256,4,64,256,4,true,145366.0,325.487072,2.0637392754708e-06,0.0006136774691358001,1
126,local,64,100.0,1024,4,64,256,4,true,5875592.0,49260.6102336,0.50003041210461,0.0047077384259259,0
127,local,64,100.0,1024,4,64,256,4,true,5967854.0,50034.1088384,0.49231367326313,0.005608049382716,1
128,local,65,0.1,1024,4,64,256,4,true,145353.0,1217.9264224,1.2383457901777e-05,0.0012018086419753,0
129,local,65,0.1,1024,4,64,256,4,true,145364.0,1218.0294592,1.582200111172e-05,0.0011908541666666998,1
130,local,66,100.0,128,16,64,256,4,true,20167890.0,24524.137232,0.58299397547506,0.001913981095679,0
131,local,66,100.0,128,16,64,256,4,true,20181826.0,24541.079216,0.58248534014841,0.0018967762345679,1
132,local,67,0.1,128,16,64,256,4,true,145297.0,176.6425792,8.4646850586623e-05,0.0012395235339506,0
133,local,67,0.1,128,16,64,256,4,true,145341.0,176.6961152,0.00013758791868002,0.0013960231481481,1
134,local,68,100.0,256,16,64,256,4,true,19123098.0,42835.657248,0.4646042594318,0.0022948287037037,0
135,local,68,100.0,256,16,64,256,4,true,18985190.0,42526.7536,0.46670954145995,0.0022449031635801996,1
136,local,69,0.1,256,16,64,256,4,true,145335.0,325.4157888,0.00013553006703582,0.0016833761574074,0
137,local,69,0.1,256,16,64,256,4,true,145364.0,325.482592,0.00014788178261516,0.0012347955246914,1
138,local,70,100.0,1024,16,64,256,4,true,7476820.0,62685.1834176,0.35727367736176,0.0059753722993827,0
139,local,70,100.0,1024,16,64,256,4,true,7539246.0,63208.7342848,0.35393273736323,0.0059442685185185,1
140,local,71,0.1,1024,16,64,256,4,true,145309.0,1217.5569632,0.00014036990221589,0.0012759255401235,0
141,local,71,0.1,1024,16,64,256,4,true,145309.0,1217.5613536,0.00013693012297566,0.0016412588734568,1
142,local,72,100.0,128,1,256,256,4,true,4043745.0,4917.1908736,0.92179351113118,0.00071255362654321,0
143,local,72,100.0,128,1,256,256,4,true,3990391.0,4852.3131904,0.92273229287505,0.00071791242283951,1
144,local,73,0.1,128,1,256,256,4,true,145150.0,176.4630816,0.0014591128511313,0.0012042384259258999,0
145,local,73,0.1,128,1,256,256,4,true,145150.0,176.4631296,0.0014556801796348,0.0012066207561728,1
146,local,74,100.0,256,1,256,256,4,true,3682346.0,8248.44344,0.9171115911028,0.00089474961419753,0
147,local,74,100.0,256,1,256,256,4,true,3688822.0,8262.9484608,0.9169723195997,0.0008941940586419799,1
148,local,75,0.1,256,1,256,256,4,true,145131.0,324.957392,0.0015005211576236,0.0013001516203704,0
149,local,75,0.1,256,1,256,256,4,true,145161.0,325.027424,0.001457623667571,0.0013001847993827,1
150,local,76,100.0,1024,1,256,256,4,true,2597790.0,21779.7096224,0.77890515822036,0.0015273101851852,0
151,local,76,100.0,1024,1,256,256,4,true,2485902.0,20841.6419072,0.78849367568709,0.0015645628858025,1
152,local,77,0.1,1024,1,256,256,4,true,145138.0,1216.116592,0.0014983911901753,0.0013797469135802,0
153,local,77,0.1,1024,1,256,256,4,true,145105.0,1215.847664,0.0014994164730752,0.0013845648148148,1
154,local,78,100.0,128,4,256,256,4,true,14755610.0,17942.80984,0.70825221907564,0.0006601763117284,0
155,local,78,100.0,128,4,256,256,4,true,14703722.0,17879.7097792,0.70937738497893,0.0006697662037037,1
156,local,79,0.1,128,4,256,256,4,true,145303.0,176.6497536,0.00013212003104823,0.0011726049382716,0
157,local,79,0.1,128,4,256,256,4,true,145343.0,176.697648,0.00013277161081549,0.0011709803240741,1
158,local,80,100.0,256,4,256,256,4,true,13120007.0,29388.76992,0.66389745738544,0.00089319483024691,0
159,local,80,100.0,256,4,256,256,4,true,13080370.0,29299.976336,0.66981327881927,0.0008938719135802499,1
160,local,81,0.1,256,4,256,256,4,true,145330.0,325.402928,0.00013209539764503,0.0011949502314815,0
161,local,81,0.1,256,4,256,256,4,true,145344.0,325.435408,7.7052202867467e-05,0.0011900821759259,1
162,local,82,100.0,1024,4,256,256,4,true,5411401.0,45368.8587552,0.53815398456016,0.0022776091820988,0
163,local,82,100.0,1024,4,256,256,4,true,5321513.0,44615.2100672,0.54595524724941,0.0023314683641974996,1
164,local,83,0.1,1024,4,256,256,4,true,145291.0,1217.4123168,0.00017066255608467,0.0012913171296296,0
165,local,83,0.1,1024,4,256,256,4,true,145290.0,1217.4047712,0.0001321317601396,0.0012944660493827,1
166,local,84,100.0,128,16,256,256,4,true,36332900.0,44183.396112,0.15899629320578,0.0014223337191358,0
167,local,84,100.0,128,16,256,256,4,true,36386203.0,44252.469376,0.15807952065491,0.0013966516203704,1
168,local,85,0.1,128,16,256,256,4,true,145315.0,176.6640864,0.0001458681805766,0.0011775023148148,0
169,local,85,0.1,128,16,256,256,4,true,145369.0,176.730528,7.4975512584841e-05,0.0019431851851852,1
170,local,86,100.0,256,16,256,256,4,true,18462193.0,41355.2394144,0.4848322869565,0.0026744996141974996,0
171,local,86,100.0,256,16,256,256,4,true,23158297.0,51874.488784,0.30532118754318,0.002598380787037,1
172,local,87,0.1,256,16,256,256,4,true,145322.0,325.386464,9.2888203886199e-05,0.0017347746913579998,0
173,local,87,0.1,256,16,256,256,4,true,145361.0,325.474496,8.6672756688944e-05,0.0019085536265432,1
174,local,88,100.0,1024,16,256,256,4,true,8806754.0,73835.2414592,0.21042793327251,0.0045829405864198,0
175,local,88,100.0,1024,16,256,256,4,true,8803650.0,73809.2333248,0.20706935631778,0.0045847515432098996,1
176,local,89,0.1,1024,16,256,256,4,true,145281.0,1217.330992,0.00014865477749615,0.0015887118055556,0
177,local,89,0.1,1024,16,256,256,4,true,145321.0,1217.6517024,0.00015136587057396,0.0020695293209877,1
178,local,90,100.0,128,1,1024,256,4,true,3180015.0,3866.8970144,0.93862578372873,0.00099996875,0
179,local,90,100.0,128,1,1024,256,4,true,3182726.0,3870.1931392,0.93852258521482,0.0011133885030864,1
180,local,91,0.1,128,1,1024,256,4,true,145214.0,176.540784,0.00093154775214221,0.0012018190586420001,0
181,local,91,0.1,128,1,1024,256,4,true,145225.0,176.5549056,0.00097683659037251,0.0012029911265432,1
182,local,92,100.0,256,1,1024,256,4,true,2928068.0,6558.8607968,0.93175292286308,0.0012411195987654,0
183,local,92,100.0,256,1,1024,256,4,true,2927789.0,6558.239168,0.93177020958909,0.0012351929012346,1
184,local,93,0.1,256,1,1024,256,4,true,145207.0,325.129008,0.00097214424886893,0.0013008476080247002,0
185,local,93,0.1,256,1,1024,256,4,true,145214.0,325.143424,0.00097141347540375,0.0013019807098765,1
186,local,94,100.0,1024,1,1024,256,4,true,2247703.0,18844.594224,0.80524296085836,0.0021327638888889,0
187,local,94,100.0,1024,1,1024,256,4,true,2253845.0,18896.1010464,0.80470852828078,0.0021460709876543003,1
188,local,95,0.1,1024,1,1024,256,4,true,145173.0,1216.4288736,0.0009771814371311,0.0013789830246914,0
189,local,95,0.1,1024,1,1024,256,4,true,145206.0,1216.7038688,0.0010161371104005,0.0013818217592593,1
190,local,96,100.0,128,4,1024,256,4,true,11587065.0,14089.8559776,0.77330753116644,0.0010027430555556,0
191,local,96,100.0,128,4,1024,256,4,true,11629593.0,14141.575872,0.77212071563234,0.0010218294753086,1
192,local,97,0.1,128,4,1024,256,4,true,145322.0,176.6731008,0.00013210257765151,0.0011727411265432,0
193,local,97,0.1,128,4,1024,256,4,true,145356.0,176.7132928,,0.0011722592592593002,1
194,local,98,100.0,256,4,1024,256,4,true,10011921.0,22426.671456,0.74917512489934,0.0013111296296296,0
195,local,98,100.0,256,4,1024,256,4,true,9997081.0,22393.429104,0.75059623527387,0.0012794722222221999,1
196,local,99,0.1,256,4,1024,256,4,true,145335.0,325.416624,0.00013277818750201,0.0011902650462963,0
197,local,99,0.1,256,4,1024,256,4,true,145369.0,325.493568,7.0160957490684e-05,0.0011887696759259,1
198,local,100,100.0,1024,4,1024,256,4,true,5298245.0,44420.151312,0.54057102851039,0.0027970424382716,0
199,local,100,100.0,1024,4,1024,256,4,true,5268582.0,44171.4347264,0.54313360910454,0.0028087827932099,1
200,local,101,0.1,1024,4,1024,256,4,true,145326.0,1217.6978896,6.8117688099445e-05,0.0013028383487654,0
201,local,101,0.1,1024,4,1024,256,4,true,145311.0,1217.567024,0.0001328008455217,0.0012948618827160001,1
202,local,102,100.0,128,16,1024,256,4,true,37758732.0,46074.9932896,0.11719566443512,0.0012464143518519,0
203,local,102,100.0,128,16,1024,256,4,true,37945114.0,46302.2119008,0.11261127802404,0.001230106867284,1
204,local,103,0.1,128,16,1024,256,4,true,145320.0,176.670864,0.00019264004931585,0.0017990887345679001,0
205,local,103,0.1,128,16,1024,256,4,true,145330.0,176.6822528,0.00017199247085764,0.0018884089506173,1
206,local,104,100.0,256,16,1024,256,4,true,135066.0,302.5493312,0.99696106408712,0.0023904822530863997,0
207,local,104,100.0,256,16,1024,256,4,true,8199434.0,18366.6967872,0.79781121321469,0.0027748360339506,1
208,local,105,0.1,256,16,1024,256,4,true,145302.0,325.341104,0.00014588102851631,0.0012471693672839999,0
209,local,105,0.1,256,16,1024,256,4,true,145344.0,325.43384,8.1867965546656e-05,0.0017682627314815,1
210,local,106,100.0,1024,16,1024,256,4,true,4275634.0,35846.6158368,0.63014565281586,0.004477327932098801,0
211,local,106,100.0,1024,16,1024,256,4,true,4124637.0,34580.6763104,0.64335695820358,0.0044019648919753,1
212,local,107,0.1,1024,16,1024,256,4,true,87264.0,731.2038976,0.39953746263645,0.065510280478395,0
213,local,107,0.1,1024,16,1024,256,4,true,87331.0,731.7673824,0.39918021057498,0.065121764274691,1
214,local,108,100.0,128,1,64,256,16,true,3341721.0,4063.5310176,0.93496867023711,0.0008232600308642,0
215,local,108,100.0,128,1,64,256,16,true,3341335.0,4063.0623744,0.93492359292338,0.0009371504629629599,1
216,local,109,0.1,128,1,64,256,16,true,145103.0,176.4071136,0.0015090501723056,0.0009870100308642,0
217,local,109,0.1,128,1,64,256,16,true,145180.0,176.5005824,0.0014636132539534,0.0010063676697531,1
218,local,110,100.0,256,1,64,256,16,true,2914734.0,6528.992528,0.93443781779281,0.0010565914351852,0
219,local,110,100.0,256,1,64,256,16,true,2919538.0,6539.75928,0.93433229584538,0.0010225929783951,1
220,local,111,0.1,256,1,64,256,16,true,145129.0,324.95336,0.0015129051011528,0.0011575590277778,0
221,local,111,0.1,256,1,64,256,16,true,145143.0,324.985872,0.0014997083136123,0.0010894452160494,1
222,local,112,100.0,1024,1,64,256,16,true,2152107.0,18043.135328,0.81686095440235,0.001689762345679,0
223,local,112,100.0,1024,1,64,256,16,true,2150124.0,18026.5142016,0.81705838662709,0.0017006635802469,1
224,local,113,0.1,1024,1,64,256,16,true,145103.0,1215.827344,0.0015159240840632,0.0012925428240741,0
225,local,113,0.1,1024,1,64,256,16,true,145129.0,1216.0480416,0.0015541250358605,0.0012959803240741,1
226,local,114,100.0,128,4,64,256,16,true,12057609.0,14662.039264,0.76123414140725,0.00079218788580247,0
227,local,114,100.0,128,4,64,256,16,true,12068443.0,14675.217216,0.76102133924708,0.00079987885802469,1
228,local,115,0.1,128,4,64,256,16,true,145354.0,176.7120128,2.8213131630039e-05,0.00076561882716049,0
229,local,115,0.1,128,4,64,256,16,true,145318.0,176.6681152,,0.0007857561728395099,1
230,local,116,100.0,256,4,64,256,16,true,10381719.0,23255.0124608,0.74609450027519,0.0010813595679012,0
231,local,116,100.0,256,4,64,256,16,true,10681774.0,23927.132816,0.73605005495968,0.0010609247685185001,1
232,local,117,0.1,256,4,64,256,16,true,145334.0,325.413792,8.9447900039064e-06,0.00063338541666667,0
233,local,117,0.1,256,4,64,256,16,true,145361.0,325.4718368,8.9431654953787e-06,0.00062614236111111,1
234,local,118,100.0,1024,4,64,256,16,true,4982640.0,41774.1479488,0.5760303791404,0.003844625,0
235,local,118,100.0,1024,4,64,256,16,true,5016300.0,42056.344016,0.57318371923621,0.0036870790895062,1
236,local,119,0.1,1024,4,64,256,16,true,145320.0,1217.6527392,1.7203046177805e-05,0.0012093672839506,0
237,local,119,0.1,1024,4,64,256,16,true,145338.0,1217.7967456,3.2337254168069e-05,0.0011879359567900998,1
238,local,120,100.0,128,16,64,256,16,true,16886922.0,20534.4826144,0.65866582994302,0.0026814212962963002,0
239,local,120,100.0,128,16,64,256,16,true,16742795.0,20359.222288,0.66155186161084,0.002853649691358,1
240,local,121,0.1,128,16,64,256,16,true,145349.0,176.7057632,8.3240690801456e-05,0.0012045941358025,0
241,local,121,0.1,128,16,64,256,16,true,145347.0,176.7029664,9.9751241043e-05,0.0012319077932099,1
242,local,122,100.0,256,16,64,256,16,true,12992798.0,29103.819824,0.66728486456727,0.0037800381944443997,0
243,local,122,100.0,256,16,64,256,16,true,13054453.0,29241.926032,0.66287679370812,0.0038474035493827,1
244,local,123,0.1,256,16,64,256,16,true,145328.0,325.399456,0.00014104003610627,0.0011886493055556,0
245,local,123,0.1,256,16,64,256,16,true,145343.0,325.4316,0.00013277161081549,0.0012003603395062,1
246,local,124,100.0,1024,16,64,256,16,true,5920982.0,49641.1122496,0.49596940306305,0.0082898206018519,0
247,local,124,100.0,1024,16,64,256,16,true,5908935.0,49540.339792,0.49708039584437,0.008310067901234602,1
248,local,125,0.1,1024,16,64,256,16,true,145299.0,1217.466416,0.00017065327864174,0.0016149702932099,0
249,local,125,0.1,1024,16,64,256,16,true,145316.0,1217.6197664,0.00013142033038105,0.0012731381172839998,1
250,local,126,100.0,128,1,256,256,16,true,3825136.0,4651.3637696,0.92605486244558,0.00077684104938272,0
251,local,126,100.0,128,1,256,256,16,true,3842655.0,4672.6658944,0.92556344568597,0.00081289313271605,1
252,local,127,0.1,128,1,256,256,16,true,145142.0,176.4547072,0.0014997165673276,0.0012044459876543,0
253,local,127,0.1,128,1,256,256,16,true,145149.0,176.4626432,0.0014584319380084,0.001266981095679,1
254,local,128,100.0,256,1,256,256,16,true,3541435.0,7932.8047968,0.92017986103921,0.00090329668209877,0
255,local,128,100.0,256,1,256,256,16,true,3536405.0,7921.537024,0.92032407529498,0.00099021836419753,1
256,local,129,0.1,256,1,256,256,16,true,145124.0,324.94264,0.0015005944583274,0.0012953063271604998,0
257,local,129,0.1,256,1,256,256,16,true,145150.0,325.0003488,0.0013670563499665,0.0012965381944444001,1
258,local,130,100.0,1024,1,256,256,16,true,2445256.0,20500.8957408,0.79189541334681,0.0016842172067900998,0
259,local,130,100.0,1024,1,256,256,16,true,2569204.0,21540.06264,0.78136508772659,0.0016065875771605,1
260,local,131,0.1,1024,1,256,256,16,true,145104.0,1215.8453472,0.0015440859238403,0.0013891334876543,0
261,local,131,0.1,1024,1,256,256,16,true,145147.0,1216.1937248,0.0014797499215753,0.0013879108796296,1
262,local,132,100.0,128,4,256,256,16,true,14380109.0,17486.1993056,0.71603821628979,0.00070328858024691,0
263,local,132,100.0,128,4,256,256,16,true,14147312.0,17203.118608,0.72089892141938,0.00072865046296296,1
264,local,133,0.1,128,4,256,256,16,true,145343.0,176.697648,0.00013208376587326,0.0011755922067900998,0
265,local,133,0.1,128,4,256,256,16,true,145351.0,176.7087712,6.3290790914716e-05,0.0011739510030864002,1
266,local,134,100.0,256,4,256,256,16,true,12595653.0,28214.212272,0.68161235958007,0.00094982291666667,0
267,local,134,100.0,256,4,256,256,16,true,12572409.0,28162.144976,0.68452353368267,0.00096282561728395,1
268,local,135,0.1,256,4,256,256,16,true,145316.0,325.373696,0.00013210766774918,0.0011948730709877,0
269,local,135,0.1,256,4,256,256,16,true,145339.0,325.419632,0.00011076315123226,0.0011897110339506001,1
270,local,136,100.0,1024,4,256,256,16,true,5374495.0,45059.3936544,0.54099074978316,0.0023870733024691,0
271,local,136,100.0,1024,4,256,256,16,true,5463071.0,45802.0317952,0.53299313827729,0.0023449791666667,1
272,local,137,0.1,1024,4,256,256,16,true,145284.0,1217.3569824,0.00021608081697821,0.0012951392746914,0
273,local,137,0.1,1024,4,256,256,16,true,145348.0,1217.8886944,0.00013139067745305,0.0012966076388889,1
274,local,138,100.0,128,16,256,256,16,true,21261857.0,25876.7284448,0.56115322925553,0.0026724347993827002,0
275,local,138,100.0,128,16,256,256,16,true,21306001.0,25917.9809248,0.56118385519024,0.0025052573302469,1
276,local,139,0.1,128,16,256,256,16,true,145334.0,176.6878144,0.00013690676030442,0.0011693584104937999,0
277,local,139,0.1,128,16,256,256,16,true,145353.0,176.7100512,0.00015064467667114,0.0018214158950617,1
278,local,140,100.0,256,16,256,256,16,true,4034283.0,9036.7806624,0.90549537930225,0.0040894830246914,0
279,local,140,100.0,256,16,256,256,16,true,6791541.0,15213.0320192,0.83625598892537,0.0037093881172840003,1
280,local,141,0.1,256,16,256,256,16,true,145319.0,325.380784,0.00015411893165307,0.0020459104938272002,0
281,local,141,0.1,256,16,256,256,16,true,145338.0,325.4208448,7.3616018845701e-05,0.0012012854938272001,1
282,local,142,100.0,1024,16,256,256,16,true,2994957.0,25109.5522816,0.74110788931611,0.010909201388889,0
283,local,142,100.0,1024,16,256,256,16,true,2638460.0,22120.7111712,0.77278688090058,0.010371858410494,1
284,local,143,0.1,1024,16,256,256,16,true,83681.0,701.168496,0.42407172004077,0.14383089853395,0
285,local,143,0.1,1024,16,256,256,16,true,85446.0,715.9614656,0.41215656543419,0.083776865740741,1
286,local,144,100.0,128,1,1024,256,16,true,3100308.0,3769.972976,0.94022927308561,0.0010987226080247001,0
287,local,144,100.0,128,1,1024,256,16,true,3151954.0,3832.7746432,0.93910290623508,0.0011993040123457,1
288,local,145,0.1,128,1,1024,256,16,true,145194.0,176.5168288,0.00097910575924731,0.0012046963734568,0
289,local,145,0.1,128,1,1024,256,16,true,145218.0,176.547408,0.00093220432267616,0.0012042368827160001,1
290,local,146,100.0,256,1,1024,256,16,true,2917957.0,6536.213264,0.93185476546178,0.0012386820987654,0
291,local,146,100.0,256,1,1024,256,16,true,2913546.0,6526.335472,0.93214600491946,0.0010988233024691002,1
292,local,147,0.1,256,1,1024,256,16,true,145207.0,325.12864,0.0009728322490451,0.0012878360339506,0
293,local,147,0.1,256,1,1024,256,16,true,145201.0,325.113968,0.00097630986520181,0.0012950239197531,1
294,local,148,100.0,1024,1,1024,256,16,true,2238833.0,18770.231936,0.80602010635725,0.0020909506172840002,0
295,local,148,100.0,1024,1,1024,256,16,true,2236550.0,18751.0889088,0.80616627387436,0.0021488317901235,1
296,local,149,0.1,1024,1,1024,256,16,true,145187.0,1216.542896,0.00097227803436073,0.0013760740740741,0
297,local,149,0.1,1024,1,1024,256,16,true,145219.0,1216.8087488,0.00092945242799669,0.0013778221450617,1
298,local,150,100.0,128,4,1024,256,16,true,11182995.0,13598.5132448,0.78077781859441,0.0010934266975309,0
299,local,150,100.0,128,4,1024,256,16,true,11208585.0,13629.6284672,0.78080747632737,0.0010825459104938,1
300,local,151,0.1,128,4,1024,256,16,true,145348.0,176.7051552,0.00013139067745305,0.0011752445987654,0
301,local,151,0.1,128,4,1024,256,16,true,145349.0,176.7054304,0.00013207795075554,0.0011763695987654001,1
302,local,152,100.0,256,4,1024,256,16,true,9907798.0,22193.43408,0.75264640092632,0.0013790636574073998,0
303,local,152,100.0,256,4,1024,256,16,true,9906681.0,22190.936368,0.75241847104312,0.0013680636574073999,1
304,local,153,0.1,256,4,1024,256,16,true,145316.0,325.373056,0.00013210839493805,0.0011911828703704,0
305,local,153,0.1,256,4,1024,256,16,true,145349.0,325.445936,0.00013207795075554,0.0011869571759259,1
306,local,154,100.0,1024,4,1024,256,16,true,3867700.0,32426.5525568,0.66456091826247,0.0029228043981481,0
307,local,154,100.0,1024,4,1024,256,16,true,3269223.0,27408.9616224,0.71718224385174,0.0029987719907407,1
308,local,155,0.1,1024,4,1024,256,16,true,84658.0,709.3597088,0.41752258128437,0.0013074660493827,0
309,local,155,0.1,1024,4,1024,256,16,true,83131.0,696.5721056,0.42789808794464,0.0013009390432099002,1
310,local,156,100.0,128,16,1024,256,16,true,33667425.0,40951.782096,0.23640045174076,0.0013865227623456999,0
311,local,156,100.0,128,16,1024,256,16,true,35932832.0,43709.2122656,0.17120016764194,0.0013762538580247001,1
312,local,157,0.1,128,16,1024,256,16,true,145307.0,176.6542848,0.00015413239973139,0.0022316658950617004,0
313,local,157,0.1,128,16,1024,256,16,true,145337.0,176.69096,0.00025864108871387,0.0019098969907406999,1
314,local,158,100.0,256,16,1024,256,16,true,4287271.0,9603.4686528,0.89906551749558,0.0032104155092593,0
315,local,158,100.0,256,16,1024,256,16,true,5162327.0,11563.592496,0.87755182919696,0.0028040316358025003,1
316,local,159,0.1,256,16,1024,256,16,true,86633.0,193.9773088,0.40401672235511,0.17785019984568,0
317,local,159,0.1,256,16,1024,256,16,true,81201.0,181.815984,0.44150499059106,0.14173644907407,1
318,local,160,100.0,1024,16,1024,256,16,true,,,1.0,,0
319,local,161,0.1,1024,16,1024,256,16,true,,,1.0,,0
320,local,162,100.0,128,1,64,256,1,false,1452175.0,1765.8445664,0.97218312458814,0.007120528549382699,0
321,local,162,100.0,128,1,64,256,1,false,1704869.0,2073.1205536,0.96710314993623,,1
322,local,163,0.1,128,1,64,256,1,false,145148.0,176.4610304,0.0015079054972511,0.0009035825617284,0
323,local,163,0.1,128,1,64,256,1,false,145156.0,176.4713984,0.0014528644543503,0.00092225347222222,1
324,local,164,100.0,256,1,64,256,1,false,956233.0,2141.9593888,0.97848940018653,0.009547763888888899,0
325,local,164,100.0,256,1,64,256,1,false,955847.0,2141.095264,0.97850120729421,0.009694255401234602,1
326,local,165,0.1,256,1,64,256,1,false,145160.0,325.023616,0.0015132755537213,0.001161486882716,0
327,local,165,0.1,256,1,64,256,1,false,145169.0,325.043296,0.0014548000836424,0.0011729031635802,1
328,local,166,100.0,1024,1,64,256,1,false,411635.0,3451.1239712,0.96497553416808,0.023207429783951,0
329,local,166,100.0,1024,1,64,256,1,false,411339.0,3448.6423072,0.96500020476275,0.023081195216049,1
330,local,167,0.1,1024,1,64,256,1,false,145129.0,1216.0470048,0.0015115291074272,0.0013267692901235,0
331,local,167,0.1,1024,1,64,256,1,false,145116.0,1215.9426816,0.0015082375088761,0.0013322515432099,1
332,local,168,100.0,128,4,64,256,1,false,7140747.0,8683.1429536,0.85995247437794,0.006283548996913599,0
333,local,168,100.0,128,4,64,256,1,false,7089564.0,8620.9003296,0.86084885089353,0.0061099012345679,1
334,local,169,0.1,128,4,64,256,1,false,145368.0,176.7282176,4.4024257365827e-05,0.0007581180555555599,0
335,local,169,0.1,128,4,64,256,1,false,145377.0,176.7394368,2.8201643124004e-05,0.00078542862654321,1
336,local,170,100.0,256,4,64,256,1,false,5271644.0,11808.466464,0.88001001155473,0.0098757808641975,0
337,local,170,100.0,256,4,64,256,1,false,5283162.0,11834.267312,0.87995968014591,0.009856491898148101,1
338,local,171,0.1,256,4,64,256,1,false,145340.0,325.426336,1.444863990141e-05,0.0006641277006172799,0
339,local,171,0.1,256,4,64,256,1,false,145350.0,325.447728,3.9214067530713e-05,0.00063512461419753,1
340,local,172,100.0,1024,4,64,256,1,false,2023815.0,16967.5358784,0.82778393041169,0.025505460648148,0
341,local,172,100.0,1024,4,64,256,1,false,2016036.0,16902.3109088,0.82846406616268,0.025720731867284,1
342,local,173,0.1,1024,4,64,256,1,false,145331.0,1217.7397344,3.440287277745e-05,0.0011916670524691,0
343,local,173,0.1,1024,4,64,256,1,false,145324.0,1217.6806912,3.8533099932847e-05,0.0011876828703704,1
344,local,174,100.0,128,16,64,256,1,false,10280178.0,12500.686992,0.79640309963702,0.0031468638117284,0
345,local,174,100.0,128,16,64,256,1,false,10851738.0,13195.704096,0.7849634695814,0.0030082615740741,1
346,local,175,0.1,128,16,64,256,1,false,145321.0,176.6717632,0.00013967095449618,0.0015181678240741001,0
347,local,175,0.1,128,16,64,256,1,false,145362.0,176.7210176,3.7147102526003e-05,0.0011768665123456999,1
348,local,176,100.0,256,16,64,256,1,false,10118191.0,22664.7139808,0.75090160379724,0.0033801670524690997,0
349,local,176,100.0,256,16,64,256,1,false,10910119.0,24438.624992,0.72870726889797,0.003156430941358,1
350,local,177,0.1,256,16,64,256,1,false,145314.0,325.370368,0.00014036516962168,0.0016999618055556,0
351,local,177,0.1,256,16,64,256,1,false,145339.0,325.4247008,0.0001031960504807,0.0012472168209877,1
352,local,178,100.0,1024,16,64,256,1,false,10053.0,84.288544,0.99914442597587,0.012324239197531001,0
353,local,178,100.0,1024,16,64,256,1,false,10915.0,91.5173888,0.9990711996329,,1
354,local,179,0.1,1024,16,64,256,1,false,145352.0,1217.922144,0.00014789480345812,0.001418618441358,0
355,local,179,0.1,1024,16,64,256,1,false,145329.0,1217.7343424,0.00012590472521123,0.0012807145061728,1
356,local,180,100.0,128,1,256,256,1,false,3933583.0,4783.2341312,0.92382942530781,0.0007642611882715999,0
357,local,180,100.0,128,1,256,256,1,false,3928372.0,4776.8968576,0.92386745289541,0.0007457993827160499,1
358,local,181,0.1,128,1,256,256,1,false,145163.0,176.4788896,0.0014576086276122,0.0012597079475309,0
359,local,181,0.1,128,1,256,256,1,false,145149.0,176.4631712,0.0014563681192282,0.0012296446759259,1
360,local,182,100.0,256,1,256,256,1,false,3567522.0,7991.227024,0.91960008157538,0.00092888888888889,0
361,local,182,100.0,256,1,256,256,1,false,3574900.0,8007.763472,0.91953518911941,0.00091944521604938,1
362,local,183,0.1,256,1,256,256,1,false,145130.0,324.956976,0.0015005283841353,0.0012935038580247,0
363,local,183,0.1,256,1,256,256,1,false,145143.0,324.984976,0.001502460071986,0.0012952681327160001,1
364,local,184,100.0,1024,1,256,256,1,false,2049969.0,17186.8272544,0.82553218271072,0.0052635628858025,0
365,local,184,100.0,1024,1,256,256,1,false,2050324.0,17189.7872096,0.82553538860669,0.0053344872685185,1
366,local,185,0.1,1024,1,256,256,1,false,145125.0,1216.0092768,0.0014985231497058,0.0013927530864198,0
367,local,185,0.1,1024,1,256,256,1,false,145136.0,1216.1156768,0.0015416811134776,0.0013953078703704,1
368,local,186,100.0,128,4,256,256,1,false,12998690.0,15806.3965312,0.74421606351453,0.00074380362654321,0
369,local,186,100.0,128,4,256,256,1,false,13027049.0,15840.8759744,0.74339560349587,0.00073986882716049,1
370,local,187,0.1,128,4,256,256,1,false,145341.0,176.695872,9.49398439134e-05,0.0011755219907406999,0
371,local,187,0.1,128,4,256,256,1,false,145348.0,176.7042304,0.0001320793136278,0.0011753854166667,1
372,local,188,100.0,256,4,256,256,1,false,11480381.0,25716.011392,0.71341079103271,0.00098046759259259,0
373,local,188,100.0,256,4,256,256,1,false,11937212.0,26739.312784,0.70345198800667,0.0009497820216049401,1
374,local,189,0.1,256,4,256,256,1,false,145317.0,325.374256,0.00013279499755048,0.0011894135802469,0
375,local,189,0.1,256,4,256,256,1,false,145380.0,325.5167008,0.00013136248342493,0.0011952885802469,1
376,local,190,100.0,1024,4,256,256,1,false,6135254.0,51437.578224,0.47703924643519,0.0034249571759259003,0
377,local,190,100.0,1024,4,256,256,1,false,6189594.0,51893.138432,0.46954942728368,0.0021354452160494003,1
378,local,191,0.1,1024,4,256,256,1,false,145341.0,1217.834112,0.00013208512886553,0.001304875,0
379,local,191,0.1,1024,4,256,256,1,false,145317.0,1217.6206816,0.00013279499755048,0.0012905212191358,1
380,local,192,100.0,128,16,256,256,1,false,37085399.0,45096.1175584,0.1394090411838,0.00096461844135802,0
381,local,192,100.0,128,16,256,256,1,false,37526566.0,45632.2970592,0.12467845959469,0.00093587692901235,1
382,local,193,0.1,128,16,256,256,1,false,145341.0,176.6965696,0.00017541783841202,0.0012545547839506001,0
383,local,193,0.1,128,16,256,256,1,false,145352.0,176.7094528,0.00015133338469497,0.0021768888888889,1
384,local,194,100.0,256,16,256,256,1,false,29173921.0,65349.438144,0.031685985286626,0.00073660416666667,0
385,local,194,100.0,256,16,256,256,1,false,29474807.0,66023.418096,0.024423675233354,0.0010679899691358001,1
386,local,195,0.1,256,16,256,256,1,false,145323.0,325.389856,0.00012453420080694,0.0018807040895062,0
387,local,195,0.1,256,16,256,256,1,false,145350.0,325.447504,8.3240289951436e-05,0.0011938695987654,1
388,local,196,100.0,1024,16,256,256,1,false,11447636.0,95976.2190432,0.00032610942677613,0.0010003977623457001,0
389,local,196,100.0,1024,16,256,256,1,false,11460565.0,96084.6295424,0.0002632422924298,0.00096404089506173,1
390,local,197,0.1,1024,16,256,256,1,false,145300.0,1217.4850592,0.00015482741560013,0.0019895883487654,0
391,local,197,0.1,1024,16,256,256,1,false,145300.0,1217.4794752,0.00024770187702983,0.001300193287037,1
392,local,198,100.0,128,1,1024,256,1,false,3096099.0,3764.8548256,0.94031174450566,0.00096950848765432,0
393,local,198,100.0,128,1,1024,256,1,false,3089544.0,3756.8804448,0.94031045177336,0.0010778194444444,1
394,local,199,0.1,128,1,1024,256,1,false,145188.0,176.5098176,0.00093171185193897,0.0012120898919753,0
395,local,199,0.1,128,1,1024,256,1,false,145233.0,176.563888,0.00097747071027243,0.0012694475308642,1
396,local,200,100.0,256,1,1024,256,1,false,2870835.0,6430.66152,0.93316240585702,0.0013026932870369998,0
397,local,200,100.0,256,1,1024,256,1,false,2878391.0,6447.58664,0.93298340477628,0.0012026577932099,1
398,local,201,0.1,256,1,1024,256,1,false,145213.0,325.141968,0.00093361174273043,0.0012785601851852,0
399,local,201,0.1,256,1,1024,256,1,false,145238.0,325.199232,0.00097399917457697,0.0012924282407407,1
400,local,202,100.0,1024,1,1024,256,1,false,2181437.0,18289.0419136,0.81082700367414,0.0021892928240741,0
401,local,202,100.0,1024,1,1024,256,1,false,2179996.0,18276.9163808,0.81095542850622,0.0021738614969136,1
402,local,203,0.1,1024,1,1024,256,1,false,145201.0,1216.643392,0.00088969746845635,0.0013867110339506,0
403,local,203,0.1,1024,1,1024,256,1,false,145181.0,1216.4831712,0.0010211278508493,0.0013972557870369998,1
404,local,204,100.0,128,4,1024,256,1,false,11282937.0,13720.0379744,0.77937589685865,0.0010334297839506,0
405,local,204,100.0,128,4,1024,256,1,false,11273214.0,13708.2180736,0.77953188767029,0.0010415802469135999,1
406,local,205,0.1,128,4,1024,256,1,false,145322.0,176.6731008,0.00013210257765151,0.0011760081018518998,0
407,local,205,0.1,128,4,1024,256,1,false,145350.0,176.7064832,3.8526101433733e-05,0.0011754579475308999,1
408,local,206,100.0,256,4,1024,256,1,false,9382314.0,21016.351136,0.76655872928286,0.0013866230709877,0
409,local,206,100.0,256,4,1024,256,1,false,9368549.0,20985.519376,0.76516592714193,0.0014016111111111,1
410,local,207,0.1,256,4,1024,256,1,false,145333.0,325.4132128,9.7008558769263e-05,0.0011928352623456998,0
411,local,207,0.1,256,4,1024,256,1,false,145336.0,325.417264,0.00013277745672691,0.0011917932098764999,1
412,local,208,100.0,1024,4,1024,256,1,false,5784553.0,48497.320704,0.50030252387086,0.0026110570987654,0
413,local,208,100.0,1024,4,1024,256,1,false,5798903.0,48617.6567232,0.49654887158702,0.002600131558642,1
414,local,209,0.1,1024,4,1024,256,1,false,145336.0,1217.7810944,0.00013209021761862,0.0012907959104938,0
415,local,209,0.1,1024,4,1024,256,1,false,145328.0,1217.7267968,0.00013209676087733,0.0012862145061728,1
416,local,210,100.0,128,16,1024,256,1,false,37119501.0,45179.8977472,0.13542194222322,0.0011911111111111,0
417,local,210,100.0,128,16,1024,256,1,false,37794712.0,46019.7774336,0.11521189036164,0.0011832978395062,1
418,local,211,0.1,128,16,1024,256,1,false,145321.0,176.6710592,0.00015136597471777,0.0014175551697531,0
419,local,211,0.1,128,16,1024,256,1,false,145333.0,176.6859904,0.00014722636535258,0.0012538722993827001,1
420,local,212,100.0,256,16,1024,256,1,false,28801393.0,64514.982592,0.059690001585129,0.0018256763117283999,0
421,local,212,100.0,256,16,1024,256,1,false,28778602.0,64464.0521344,0.054499393007097,0.0018312959104937999,1
422,local,213,0.1,256,16,1024,256,1,false,145319.0,325.381712,0.00019401711753864,0.001250056712963,0
423,local,213,0.1,256,16,1024,256,1,false,145337.0,325.416928,4.0593602310679e-05,0.0021197847222222,1
424,local,214,100.0,1024,16,1024,256,1,false,11458179.0,96064.6277376,0.00058952780766797,0.0020688865740740997,0
425,local,214,100.0,1024,16,1024,256,1,false,11565636.0,96965.5428032,0.00050118241595865,0.0021345088734567997,1
426,local,215,0.1,1024,16,1024,256,1,false,145300.0,1217.4801152,0.00015895527163801,0.0013405015432099,0
427,local,215,0.1,1024,16,1024,256,1,false,145354.0,1217.938912,0.00013413714732247,0.002033361882716,1
428,local,216,100.0,128,1,64,256,4,false,2678251.0,3256.7516672,0.94803331156538,0.00091107677469136,0
429,local,216,100.0,128,1,64,256,4,false,2681195.0,3260.3313632,0.94792850481842,0.00094146180555556,1
430,local,217,0.1,128,1,64,256,4,false,145124.0,176.4324864,0.0014971543059699,0.0010042202932099,0
431,local,217,0.1,128,1,64,256,4,false,145130.0,176.4397824,0.0014558724776803,0.0010085887345679,1
432,local,218,100.0,256,1,64,256,4,false,2266830.0,5077.687664,0.94900762246323,0.0011480655864197999,0
433,local,218,100.0,256,1,64,256,4,false,2267824.0,5079.918768,0.94899033996064,0.0011861485339506,1
434,local,219,0.1,256,1,64,256,4,false,145129.0,324.9534528,0.0015115363869533,0.0011885219907406999,0
435,local,219,0.1,256,1,64,256,4,false,145144.0,324.986624,0.0014529923938049,0.0012490100308642,1
436,local,220,100.0,1024,1,64,256,4,false,1302197.0,10917.5430496,0.88918609243962,0.025729177083333003,0
437,local,220,100.0,1024,1,64,256,4,false,1386992.0,11628.4319616,0.88200175846431,0.024583244984567997,1
438,local,221,0.1,1024,1,64,256,4,false,145109.0,1215.877648,0.0015186096774038,0.0013618132716049,0
439,local,221,0.1,1024,1,64,256,4,false,145117.0,1215.9507872,0.0015466924999175,0.0013645385802469,1
440,local,222,100.0,128,4,64,256,4,false,9128780.0,11100.5844416,0.82020484881421,0.0009505466820987701,0
441,local,222,100.0,128,4,64,256,4,false,9211101.0,11200.6908992,0.81853643521515,0.00093481365740741,1
442,local,223,0.1,128,4,64,256,4,false,145339.0,176.6940576,1.4448719430682e-05,0.0008639502314814801,0
443,local,223,0.1,128,4,64,256,4,false,145359.0,176.7169824,2.3389817449315e-05,0.0007562145061728399,1
444,local,224,100.0,256,4,64,256,4,false,8305909.0,18605.207072,0.80323191775681,0.0011785466820988,0
445,local,224,100.0,256,4,64,256,4,false,8369680.0,18748.0515488,0.80133071260247,0.0011694085648148,1
446,local,225,0.1,256,4,64,256,4,false,145311.0,325.36264,3.4407583981988e-05,0.0006975844907407399,0
447,local,225,0.1,256,4,64,256,4,false,145374.0,325.50272,,0.00061565046296296,1
448,local,226,100.0,1024,4,64,256,4,false,62480.0,523.8348352,0.99468349562535,0.028527702160494,0
449,local,226,100.0,1024,4,64,256,4,false,85545.0,717.2025344,0.99272190095744,,1
450,local,227,0.1,1024,4,64,256,4,false,145319.0,1217.638288,2.9589076538716e-05,0.0011922168209877,0
451,local,227,0.1,1024,4,64,256,4,false,145316.0,1217.6277856,3.7846883893966e-05,0.0011964197530864,1
452,local,228,100.0,128,16,64,256,4,false,10121708.0,12307.9868384,0.79955661286603,0.0033782156635802,0
453,local,228,100.0,128,16,64,256,4,false,10797194.0,13129.377328,0.78605226604103,0.0030367391975309,1
454,local,229,0.1,128,16,64,256,4,false,145268.0,176.606992,0.00015417398534245,0.0015414537037037,0
455,local,229,0.1,128,16,64,256,4,false,145340.0,176.6942912,0.00014790701258105,0.0014404656635802,1
456,local,230,100.0,256,16,64,256,4,false,10224589.0,22903.046416,0.74851808244236,0.0033975316358025,0
457,local,230,100.0,256,16,64,256,4,false,10583909.0,23707.917264,0.73266216866902,0.0032804980709877,1
458,local,231,0.1,256,16,64,256,4,false,145370.0,325.49208,0.00012243109639798,0.0019358734567901,0
459,local,231,0.1,256,16,64,256,4,false,145331.0,325.4064,7.5683351864253e-05,0.0015833838734568,1
460,local,232,100.0,1024,16,64,256,4,false,10850481.0,90969.6954176,0.066827976425423,0.0035731342592593,0
461,local,232,100.0,1024,16,64,256,4,false,10885244.0,91261.1916672,0.069645300604524,0.0039824737654321,1
462,local,233,0.1,1024,16,64,256,4,false,145291.0,1217.4054112,0.00013213103269349,0.0013070081018518999,0
463,local,233,0.1,1024,16,64,256,4,false,145321.0,1217.6636384,0.0001403583127555,0.0016238425925926001,1
464,local,234,100.0,128,1,256,256,4,false,3740611.0,4548.581248,0.92766567802076,0.00082613464506173,0
465,local,234,100.0,128,1,256,256,4,false,3746190.0,4555.365024,0.92741884972271,0.0007720725308642,1
466,local,235,0.1,128,1,256,256,4,false,145117.0,176.4236512,0.0014587540726418,0.0012683985339506,0
467,local,235,0.1,128,1,256,256,4,false,145142.0,176.4547072,0.0014997165673276,0.0012694035493827,1
468,local,236,100.0,256,1,256,256,4,false,3421751.0,7664.711456,0.92295721836945,0.0009344390432098799,0
469,local,236,100.0,256,1,256,256,4,false,3424698.0,7671.3156608,0.92291971186363,0.00091864737654321,1
470,local,237,0.1,256,1,256,256,4,false,145118.0,324.92872,0.001500653310554,0.0012821732253086,0
471,local,237,0.1,256,1,256,256,4,false,145150.0,325.0004,0.0015010098453038,0.0012883209876543,1
472,local,238,100.0,1024,1,256,256,4,false,2175433.0,18238.6955968,0.81485468665007,0.0016495111882716001,0
473,local,238,100.0,1024,1,256,256,4,false,2357817.0,19767.7892416,0.79937625513368,0.0016056948302469,1
474,local,239,0.1,1024,1,256,256,4,false,145105.0,1215.847664,0.0016313202479111,0.0013902870370369998,0
475,local,239,0.1,1024,1,256,256,4,false,145175.0,1216.4363008,0.0014554238612478,0.0013985050154321,1
476,local,240,100.0,128,4,256,256,4,false,13125211.0,15960.2398784,0.74157725171865,0.0007403298611111099,0
477,local,240,100.0,128,4,256,256,4,false,13749007.0,16718.7768672,0.72900717739174,0.0007087237654320999,1
478,local,241,0.1,128,4,256,256,4,false,145323.0,176.6736608,0.0001327898809983,0.0011764799382716,0
479,local,241,0.1,128,4,256,256,4,false,145356.0,176.7132928,0.00013207204530075,0.0011751030092593,1
480,local,242,100.0,256,4,256,256,4,false,12103513.0,27111.8205728,0.69467342805213,0.00094128395061728,0
481,local,242,100.0,256,4,256,256,4,false,12068203.0,27032.728432,0.69518871413431,0.00092724884259259,1
482,local,243,0.1,256,4,256,256,4,false,145323.0,325.388592,0.00013210121429919,0.0011951168981481001,0
483,local,243,0.1,256,4,256,256,4,false,145346.0,325.44112,0.0001011271202298,0.0011911072530864,1
484,local,244,100.0,1024,4,256,256,4,false,6123556.0,51339.5277568,0.47391082787335,0.0021022635030864,0
485,local,244,100.0,1024,4,256,256,4,false,6037493.0,50617.9730496,0.48522926975504,0.0020840902777778,1
486,local,245,0.1,1024,4,256,256,4,false,145303.0,1217.5120864,0.00013280815620986,0.0012845802469135998,0
487,local,245,0.1,1024,4,256,256,4,false,145311.0,1217.567024,0.00013211284914438,0.0012952619598765,1
488,local,246,100.0,128,16,256,256,4,false,36933020.0,44910.5929056,0.14219876100478,0.001008337962963,0
489,local,246,100.0,128,16,256,256,4,false,36675182.0,44597.3414624,0.14926363712005,0.0010141658950617,1
490,local,247,0.1,128,16,256,256,4,false,145316.0,176.6653024,0.00013898760602105,0.0012448344907407,0
491,local,247,0.1,128,16,256,256,4,false,145329.0,176.6812,0.00013416003434497,0.0011823159722221999,1
492,local,248,100.0,256,16,256,256,4,false,28409109.0,63636.274368,0.076520058421413,0.0015412797067901,0
493,local,248,100.0,256,16,256,256,4,false,29578091.0,66254.7929024,0.0070053276929477,0.00060850115740741,1
494,local,249,0.1,256,16,256,256,4,false,145330.0,325.402256,0.00017818334171504,0.0012510135030864,0
495,local,249,0.1,256,16,256,256,4,false,145333.0,325.410992,0.00015204050744377,0.0012136589506173,1
496,local,250,100.0,1024,16,256,256,4,false,11660118.0,97757.6768384,0.00034035235294771,0.0014894814814815,0
497,local,250,100.0,1024,16,256,256,4,false,11541238.0,96760.9902496,0.00026014701788768,0.0009858298611111099,1
498,local,251,0.1,1024,16,256,256,4,false,145321.0,1217.6525408,0.00014998992040216,0.0012503194444444,0
499,local,251,0.1,1024,16,256,256,4,false,145298.0,1217.4605472,8.7398691497098e-05,0.0012999347993827,1
500,local,252,100.0,128,1,1024,256,4,false,3067548.0,3730.1370944,0.94082791085623,0.0011611520061727998,0
501,local,252,100.0,128,1,1024,256,4,false,3091854.0,3759.69304,0.94029242121885,0.0010742175925926001,1
502,local,253,0.1,128,1,1024,256,4,false,145205.0,176.5307392,0.0009412256850031,0.0012596778549383001,0
503,local,253,0.1,128,1,1024,256,4,false,145239.0,176.571792,0.00093275881993626,0.0012654101080247,1
504,local,254,100.0,256,1,1024,256,4,false,2880318.0,6451.9052608,0.93296863157863,0.0012945212191358,0
505,local,254,100.0,256,1,1024,256,4,false,2880608.0,6452.554464,0.93291816288213,0.0012949918981481,1
506,local,255,0.1,256,1,1024,256,4,false,145187.0,325.084096,0.00088772055382758,0.0012838962191358,0
507,local,255,0.1,256,1,1024,256,4,false,145232.0,325.1854048,0.00084070382458323,0.0012649633487654,1
508,local,256,100.0,1024,1,1024,256,4,false,2185507.0,18323.1564512,0.81099356984974,0.0022519197530864,0
509,local,256,100.0,1024,1,1024,256,4,false,2181177.0,18286.8622336,0.81085809209474,0.0022291446759259,1
510,local,257,0.1,1024,1,1024,256,4,false,145219.0,1216.807632,0.00097481107445918,0.001392375,0
511,local,257,0.1,1024,1,1024,256,4,false,145180.0,1216.4858848,0.001019068484705,0.0013946084104938,1
512,local,258,100.0,128,4,1024,256,4,false,11239903.0,13667.7131264,0.78021880285933,0.0010361801697531,0
513,local,258,100.0,128,4,1024,256,4,false,11187466.0,13603.9483872,0.78123380501964,0.0010651114969136,1
514,local,259,0.1,128,4,1024,256,4,false,145348.0,176.7048704,0.00013207858675912,0.001177387345679,0
515,local,259,0.1,128,4,1024,256,4,false,145348.0,176.7051552,0.00013139067745305,0.0011759178240741,1
516,local,260,100.0,256,4,1024,256,4,false,9711584.0,21753.90856,0.75808223947401,0.0013206195987654,0
517,local,260,100.0,256,4,1024,256,4,false,9261021.0,20744.65744,0.76753817373273,0.0014256415895062,1
518,local,261,0.1,256,4,1024,256,4,false,145278.0,325.2876,0.00013214267279205,0.0012304587191358,0
519,local,261,0.1,256,4,1024,256,4,false,145347.0,325.441888,9.4248242992645e-05,0.001192419367284,1
520,local,262,100.0,1024,4,1024,256,4,false,5767879.0,48357.5211616,0.49955493905978,0.0026551601080247,0
521,local,262,100.0,1024,4,1024,256,4,false,5779429.0,48454.373056,0.49883477994178,0.0026260331790123,1
522,local,263,0.1,1024,4,1024,256,4,false,144511.0,1210.8644544,0.00017296704908532,0.0012935810185185001,0
523,local,263,0.1,1024,4,1024,256,4,false,145283.0,1217.335072,5.7814647616228e-05,0.0012928630401235,1
524,local,264,100.0,128,16,1024,256,4,false,37282496.0,45372.3923936,0.13166964879041,0.001219293595679,0
525,local,264,100.0,128,16,1024,256,4,false,37587111.0,45756.1382432,0.12194102316254,0.0012041685956789999,1
526,local,265,0.1,128,16,1024,256,4,false,145353.0,176.7099296,0.00010662542899542,0.0012441111111111,0
527,local,265,0.1,128,16,1024,256,4,false,145370.0,176.7312096,0.00016300490252719,0.0017604945987654001,1
528,local,266,100.0,256,16,1024,256,4,false,28730941.0,64357.172944,0.061820561592407,0.0018505119598765,0
529,local,266,100.0,256,16,1024,256,4,false,28641507.0,64156.8437952,0.05550420313136,0.0018497928240741,1
530,local,267,0.1,256,16,1024,256,4,false,145338.0,325.42368,0.00015272343025075,0.0019516786265432,0
531,local,267,0.1,256,16,1024,256,4,false,145346.0,325.4397088,5.778947020818e-05,0.0017698568672839998,1
532,local,270,100.0,128,1,64,256,16,false,2563519.0,3117.2381216,0.95036180273503,0.0010785783179012001,0
533,local,270,100.0,128,1,64,256,16,false,2547994.0,3098.359136,0.95070552003388,0.00097900733024691,1
534,local,271,0.1,128,1,64,256,16,false,145150.0,176.463616,0.0014529284212612,0.0010018155864198,0
535,local,271,0.1,128,1,64,256,16,false,145161.0,176.4767424,0.0014713651296783,0.0010160416666667,1
536,local,272,100.0,256,1,64,256,16,false,2173536.0,4868.715952,0.95110446485029,0.0012599313271604998,0
537,local,272,100.0,256,1,64,256,16,false,2170583.0,4862.093168,0.95118091439931,0.0013215104166667,1
538,local,273,0.1,256,1,64,256,16,false,145143.0,324.984944,0.0015038287093696,0.0012144201388889,0
539,local,273,0.1,256,1,64,256,16,false,145141.0,324.98128,0.0014674478378364,0.0012552573302469,1
540,local,274,100.0,1024,1,64,256,16,false,1743042.0,14613.5590848,0.85166358855534,0.0019108348765432,0
541,local,274,100.0,1024,1,64,256,16,false,1699554.0,14248.9567168,0.85539338932306,0.0019979101080247,1
542,local,275,0.1,1024,1,64,256,16,false,145103.0,1215.8300576,0.0015571511633907,0.0013174826388889001,0
543,local,275,0.1,1024,1,64,256,16,false,145142.0,1216.1617888,0.0015478044565762,0.0013243171296296,1
544,local,276,100.0,128,4,64,256,16,false,9055465.0,11011.438224,0.82163406699325,0.0010430543981481,0
545,local,276,100.0,128,4,64,256,16,false,9096711.0,11061.5933184,0.82075740175895,0.0010164675925926,1
546,local,277,0.1,128,4,64,256,16,false,145334.0,176.6868736,1.376121539054e-05,0.00079716473765432,0
547,local,277,0.1,128,4,64,256,16,false,145360.0,176.7187328,5.3656925870893e-05,0.00066866049382716,1
548,local,278,100.0,256,4,64,256,16,false,8219400.0,18411.429024,0.80386997535108,0.0012599255401235,0
549,local,278,100.0,256,4,64,256,16,false,8103222.0,18151.187312,0.80891792304107,0.0013384756944444,1
550,local,279,0.1,256,4,64,256,16,false,145341.0,325.427344,1.3072515998358e-05,0.0006554479166666701,0
551,local,279,0.1,256,4,64,256,16,false,145365.0,325.4828768,1.5134088019897e-05,0.0006164070216049401,1
552,local,280,100.0,1024,4,64,256,16,false,5501525.0,46124.4345408,0.5318547459335,0.0022936712962963,0
553,local,280,100.0,1024,4,64,256,16,false,5462077.0,45793.6946912,0.53527442652212,0.0022850972222222,1
554,local,281,0.1,1024,4,64,256,16,false,145305.0,1217.5213952,3.7161827370902e-05,0.0012026909722221998,0
555,local,281,0.1,1024,4,64,256,16,false,145341.0,1217.8219776,6.948663139128e-05,0.0011995601851852,1
556,local,282,100.0,128,16,64,256,16,false,10052810.0,12224.2090272,0.80099043264018,0.0036105752314814997,0
557,local,282,100.0,128,16,64,256,16,false,10796063.0,13128.0021504,0.78600528347766,0.0033268514660494,1
558,local,283,0.1,128,16,64,256,16,false,145338.0,176.6914464,0.00012314601608876,0.0015317731481481,0
559,local,283,0.1,128,16,64,256,16,false,145336.0,176.6898496,8.2560021135381e-05,0.0015858422067900999,1
560,local,284,100.0,256,16,64,256,16,false,10436794.0,23378.38016,0.7378371308031,0.0035772249228395,0
561,local,284,100.0,256,16,64,256,16,false,10430112.0,23363.41288,0.73869540267968,0.0037136369598765,1
562,local,285,0.1,256,16,64,256,16,false,145345.0,325.4353568,2.8207871372143e-05,0.0012513885030864,0
563,local,285,0.1,256,16,64,256,16,false,145320.0,325.38176,0.00010733748004621,0.0012205783179012,1
564,local,286,100.0,1024,16,64,256,16,false,10328373.0,86592.388016,0.11318456643135,0.0038168020833332997,0
565,local,286,100.0,1024,16,64,256,16,false,9561313.0,80161.4717184,0.17716331680012,0.004580006172839501,1
566,local,287,0.1,1024,16,64,256,16,false,145298.0,1217.4666144,0.00012593184403442,0.0016415790895062,0
567,local,287,0.1,1024,16,64,256,16,false,145310.0,1217.570144,0.00012316897958287,0.0012604471450616999,1
568,local,288,100.0,128,1,256,256,16,false,3525556.0,4287.0735456,0.93189709176374,0.00086144675925926,0
569,local,288,100.0,128,1,256,256,16,false,3541481.0,4306.4356768,0.93147215416895,0.00081943479938272,1
570,local,289,0.1,128,1,256,256,16,false,145150.0,176.463488,0.0014577369785701,0.0012305574845679,0
571,local,289,0.1,128,1,256,256,16,false,145112.0,176.4166304,0.0015027826249704,0.0012554398148148,1
572,local,290,100.0,256,1,256,256,16,false,3212464.0,7195.909712,0.92764432536543,0.00096937268518519,0
573,local,290,100.0,256,1,256,256,16,false,3234807.0,7245.959632,0.92713867295123,0.0010719147376543,1
574,local,291,0.1,256,1,256,256,16,false,145124.0,324.942384,0.0015026513126526,0.0012783784722221999,0
575,local,291,0.1,256,1,256,256,16,false,145155.0,325.01376,0.0014995845187847,0.0012571481481481002,1
576,local,292,100.0,1024,1,256,256,16,false,2299910.0,19282.3069728,0.80426227667381,0.0016929548611111,0
577,local,292,100.0,1024,1,256,256,16,false,2408973.0,20196.6568256,0.79499292041092,0.0016830030864198,1
578,local,293,0.1,1024,1,256,256,16,false,145118.0,1215.9525504,0.001500653310554,0.0013905335648148,0
579,local,293,0.1,1024,1,256,256,16,false,145144.0,1216.1660576,0.0015017649005279,0.001396643132716,1
580,local,294,100.0,128,4,256,256,16,false,12926193.0,15718.2396768,0.74564166502239,0.0007455848765432101,0
581,local,294,100.0,128,4,256,256,16,false,12619988.0,15345.8859072,0.75181679960879,0.00080311033950617,1
582,local,295,0.1,128,4,256,256,16,false,145316.0,176.6659584,0.00013210766774918,0.001177231095679,0
583,local,295,0.1,128,4,256,256,16,false,145356.0,176.7132928,0.00013207204530075,0.0011772530864198,1
584,local,296,100.0,256,4,256,256,16,false,11872435.0,26594.215456,0.70537345644099,0.0010124799382716,0
585,local,296,100.0,256,4,256,256,16,false,11710953.0,26232.49552,0.71222615188694,0.0010127943672840001,1
586,local,297,0.1,256,4,256,256,16,false,145322.0,325.3876768,0.00013141454339294,0.0011986358024691,0
587,local,297,0.1,256,4,256,256,16,false,145328.0,325.401728,0.00013209676087733,0.0011974274691358001,1
588,local,298,100.0,1024,4,256,256,16,false,5983903.0,50168.6695808,0.48535609896273,0.0021798414351852,0
589,local,298,100.0,1024,4,256,256,16,false,5983534.0,50165.6109696,0.48795190713655,0.0023968985339505996,1
590,local,299,0.1,1024,4,256,256,16,false,145298.0,1217.4597088,0.00013212448603916,0.0012921882716049,0
591,local,299,0.1,1024,4,256,256,16,false,145309.0,1217.565744,0.00013280230759494,0.0012918260030864,1
592,local,300,100.0,128,16,256,256,16,false,38654396.0,47004.67448,0.091998503858896,0.0010502334104938,0
593,local,300,100.0,128,16,256,256,16,false,36014502.0,43793.6773632,0.16896919490197,0.0011150231481481,1
594,local,301,0.1,128,16,256,256,16,false,145336.0,176.6895904,0.00013140224773522,0.0018919641203704,0
595,local,301,0.1,128,16,256,256,16,false,145341.0,176.6950752,0.00014171477631075,0.0017679560185185,1
596,local,302,100.0,256,16,256,256,16,false,29755595.0,66652.386608,0.0064232026507984,0.0007998672839506201,0
597,local,302,100.0,256,16,256,256,16,false,29471178.0,66015.300624,0.022687811372535,0.0012827955246914001,1
598,local,303,0.1,256,16,256,256,16,false,145308.0,325.35432,0.00023736936944374,0.0019049413580247,0
599,local,303,0.1,256,16,256,256,16,false,145311.0,325.363648,0.00020503420906337,0.0017142577160494,1
600,local,306,100.0,128,1,1024,256,16,false,3050579.0,3709.5022272,0.94134466971358,0.0010071763117284,0
601,local,306,100.0,128,1,1024,256,16,false,3094851.0,3763.337312,0.94041532518975,,1
602,local,307,0.1,128,1,1024,256,16,false,145194.0,176.517072,0.00097772964433618,0.0012768452932099001,0
603,local,307,0.1,128,1,1024,256,16,false,145232.0,176.563328,0.00093280501898629,0.0012774212962963,1
604,local,308,100.0,256,1,1024,256,16,false,2849324.0,6382.47632,0.93365071115489,0.0013772434413579998,0
605,local,308,100.0,256,1,1024,256,16,false,2870933.0,6430.881792,0.93309776938571,0.0012553263888889,1
606,local,309,0.1,256,1,1024,256,16,false,145201.0,325.1153728,0.00097149434682486,0.001277724537037,0
607,local,309,0.1,256,1,1024,256,16,false,145227.0,325.172208,0.00097338631123045,0.0012679247685185,1
608,local,310,100.0,1024,1,1024,256,16,false,2173211.0,18220.0675456,0.81201506075947,0.0022779517746914,0
609,local,310,100.0,1024,1,1024,256,16,false,2173864.0,18225.5288,0.81155487779665,0.0022085158179012,1
610,local,311,0.1,1024,1,1024,256,16,false,145192.0,1216.5840576,0.00098186812279477,0.0013970003858025,0
611,local,311,0.1,1024,1,1024,256,16,false,145194.0,1216.5905664,0.00097704629272855,0.0013936755401235,1
612,local,312,100.0,128,4,1024,256,16,false,10725501.0,13042.2000512,0.79048649040345,0.0011274483024691002,0
613,local,312,100.0,128,4,1024,256,16,false,10930152.0,13291.0560736,0.78633125223662,0.0011199201388889,1
614,local,313,0.1,128,4,1024,256,16,false,145324.0,176.6745856,0.00013141318714127,0.00117953125,0
615,local,313,0.1,128,4,1024,256,16,false,145356.0,176.7132928,0.00013207204530075,0.0011789922839506,1
616,local,314,100.0,256,4,1024,256,16,false,9675073.0,21672.132432,0.75782956438013,0.0013981412037037,0
617,local,314,100.0,256,4,1024,256,16,false,9601563.0,21507.4713888,0.76074068882475,0.0014203950617284,1
618,local,315,0.1,256,4,1024,256,16,false,145354.0,325.459072,0.00013210766774918,0.0011940432098765,0
619,local,315,0.1,256,4,1024,256,16,false,145316.0,325.373696,,0.0011952102623457,1
