index,build,test_index,RATE,SIZE,NTHREADS,BATCH,CAPACITY,QUEUES_PER_CORE,ZEROCOPY,TABLE,RX-RATE-PPS,RX-RATE-MBPS,LOSE-RATE,AVG-LAT,run_index
0,local,0,100.0,64,1,64,256,1,true,0,4709499.0,3164.7828736,0.91103843856271,0.0006956307870370401,0
1,local,0,100.0,64,1,64,256,1,true,0,4741358.0,3186.1922144,0.9105502244545,0.00063544058641975,1
2,local,1,0.1,64,1,64,256,1,true,0,145157.0,97.554768,0.0014549211762918,0.00097725887345679,0
3,local,1,0.1,64,1,64,256,1,true,0,145135.0,97.5398496,0.0015142217134303,0.0009880663580246899,1
4,local,2,100.0,1024,1,64,256,1,true,0,4923601.0,41121.5993184,0.58099789614815,0.0009475682870370401,0
5,local,2,100.0,1024,1,64,256,1,true,0,4909643.0,41005.0282112,0.58232928119056,0.00093430902777778,1
6,local,3,0.1,1024,1,64,256,1,true,0,145091.0,1211.08576,0.001508487651666,0.0012641400462962999,0
7,local,3,0.1,1024,1,64,256,1,true,0,145123.0,1211.3535744,0.0015081555299151,0.0012664000771605,1
8,local,4,100.0,64,4,64,256,1,true,0,16737584.0,11247.6593568,0.67063967248594,0.0020888287037037,0
9,local,4,100.0,64,4,64,256,1,true,0,16912748.0,11365.3707712,0.66735822097267,0.0017997939814814999,1
10,local,5,0.1,64,4,64,256,1,true,0,145346.0,97.6821792,1.9263898903055e-05,0.00081904282407407,0
11,local,5,0.1,64,4,64,256,1,true,0,145352.0,97.6862112,1.5823307318863e-05,0.0008240281635802499,1
12,local,6,100.0,1024,4,64,256,1,true,0,11289033.0,94285.2693696,0.00032774168815386,0.0005725586419753101,0
13,local,6,100.0,1024,4,64,256,1,true,0,11290371.0,94296.4350144,0.00026956414727952,0.00057165856481481,1
14,local,7,0.1,1024,4,64,256,1,true,0,145356.0,1213.3017664,3.5084919263406e-05,0.0011981778549383,0
15,local,7,0.1,1024,4,64,256,1,true,0,145350.0,1213.2427968,3.9902061079067e-05,0.0012067581018519,1
16,local,8,100.0,64,16,64,256,1,true,0,24660887.0,16572.119808,0.51060459446921,0.0024914791666667,0
17,local,8,100.0,64,16,64,256,1,true,0,24810611.0,16672.7343424,0.50769411971428,0.0024648804012346,1
18,local,9,0.1,64,16,64,256,1,true,0,145322.0,97.6659744,0.00013416603425154,0.0015081396604938,0
19,local,9,0.1,64,16,64,256,1,true,0,145339.0,97.6770048,0.00011007518134887,0.0013973788580247,1
20,local,10,100.0,1024,16,64,256,1,true,0,11341499.0,94723.4528096,0.00014995767596671,0.0005935246913580201,0
21,local,10,100.0,1024,16,64,256,1,true,0,11262071.0,94060.0754656,0.00016065510064767,0.0006063279320987701,1
22,local,11,0.1,1024,16,64,256,1,true,0,145271.0,1212.5951232,0.00013214922124882,0.0019157388117284,0
23,local,11,0.1,1024,16,64,256,1,true,0,145336.0,1213.1414208,3.4401712930121e-05,0.0012245891203704,1
24,local,12,100.0,64,1,1024,256,1,true,0,5101632.0,3428.2972128,0.90519460805929,0.0006563912037036999,0
25,local,12,100.0,64,1,1024,256,1,true,0,5133058.0,3449.4165952,0.90444670465718,0.00070538464506173,1
26,local,13,0.1,64,1,1024,256,1,true,0,145201.0,97.5847392,0.00079893805236653,0.0011764834104938,0
27,local,13,0.1,64,1,1024,256,1,true,0,145238.0,97.6094592,0.0008949644662648,0.0011768310185185,1
28,local,14,100.0,1024,1,1024,256,1,true,0,4971732.0,41523.59328,0.5625626177579,0.0011289560185185,0
29,local,14,100.0,1024,1,1024,256,1,true,0,4975131.0,41551.9789248,0.56041358802318,0.0011425027006173,1
30,local,15,0.1,1024,1,1024,256,1,true,0,145174.0,1211.7839232,0.0010211728211138,0.0011887808641975,0
31,local,15,0.1,1024,1,1024,256,1,true,0,145233.0,1212.26736,0.0008434464349597,0.0011902538580247002,1
32,local,16,100.0,64,4,1024,256,1,true,0,19895961.0,13370.0900736,0.61444093624504,0.0005797912808641999,0
33,local,16,100.0,64,4,1024,256,1,true,0,19939623.0,13399.429392,0.61379833338517,0.0005739706790123501,1
34,local,17,0.1,64,4,1024,256,1,true,0,145310.0,97.6575744,0.0001321135763902,0.0011491230709877,0
35,local,17,0.1,64,4,1024,256,1,true,0,145360.0,97.6914432,0.87853580805495,0.0011531929012346,1
36,local,17,0.1,64,4,1024,256,1,true,0,17653.0,14.6879616,,,2
37,local,18,100.0,1024,4,1024,256,1,true,0,11275197.0,94169.6900128,0.0003096370207033,0.00088868016975309,0
38,local,18,100.0,1024,4,1024,256,1,true,0,11336583.0,94682.3897344,0.00036281716764142,0.0008884664351851899,1
39,local,19,0.1,1024,4,1024,256,1,true,0,145297.0,1212.8095488,0.00013212521341321,0.0012897345679012,0
40,local,19,0.1,1024,4,1024,256,1,true,0,145329.0,1213.0768896,0.87853153027301,0.0011647554012346,1
41,local,19,0.1,1024,4,1024,256,1,true,0,17651.0,150.2472992,,,2
42,local,20,100.0,64,16,1024,256,1,true,0,19882086.0,18775.1660448,0.61551213268908,0.0016167079475308999,0
43,local,20,100.0,64,16,1024,256,1,true,0,19870157.0,18766.1795488,0.61544196336874,0.0016376161265432,1
44,local,21,0.1,64,16,1024,256,1,true,0,145327.0,97.6693344,0.00013828879654343,0.0012187006172839998,0
45,local,21,0.1,64,16,1024,256,1,true,0,145364.0,97.693728,0.00015888606424774,0.001808143904321,1
46,local,22,100.0,1024,16,1024,256,1,true,0,11163169.0,93234.0280128,0.00040413934392902,0.0014845659722221999,0
47,local,22,100.0,1024,16,1024,256,1,true,0,11222534.0,93729.8362208,0.00038176438207793,0.0014942889660494,1
48,local,23,0.1,1024,16,1024,256,1,true,0,145293.0,1212.778032,0.00011355073136998,0.0016472453703704,0
49,local,23,0.1,1024,16,1024,256,1,true,0,145346.0,1213.2128064,2.0639891681884e-05,0.0015828784722222,1
50,local,24,100.0,64,1,64,256,4,true,0,4770695.0,3205.9062944,0.90954153479338,0.00055550617283951,0
51,local,24,100.0,64,1,64,256,4,true,0,4739121.0,3184.6906336,0.91005770023294,0.00055145293209877,1
52,local,25,0.1,64,1,64,256,4,true,0,145156.0,97.5541632,0.0014556160915745,0.00098511766975309,0
53,local,25,0.1,64,1,64,256,4,true,0,145130.0,97.5370272,0.0014606816560263,0.00099916589506173,1
54,local,26,100.0,1024,1,64,256,4,true,0,4922550.0,41112.813664,0.58109359507112,0.00095888348765432,0
55,local,26,100.0,1024,1,64,256,4,true,0,4914628.0,41046.6599584,0.58187567627048,0.00095740895061728,1
56,local,27,0.1,1024,1,64,256,4,true,0,145103.0,1211.1903936,0.0015097466047904,0.0012701358024691,0
57,local,27,0.1,1024,1,64,256,4,true,0,145116.0,1211.2909344,0.0014718197099985,0.0012723576388889001,1
58,local,28,100.0,64,4,64,256,4,true,0,17665684.0,11871.3434976,0.65186661973174,0.00049400540123457,0
59,local,28,100.0,64,4,64,256,4,true,0,17713629.0,11903.5613472,0.65108011280973,0.00049461304012346,1
60,local,29,0.1,64,4,64,256,4,true,0,145336.0,97.6751904,2.0641723667003e-06,0.0008545810185185199,0
61,local,29,0.1,64,4,64,256,4,true,0,145353.0,97.6864032,1.3759397668567e-05,0.0007513526234567899,1
62,local,30,100.0,1024,4,64,256,4,true,0,11263564.0,94072.524832,0.00032312361406395,0.00057589583333333,0
63,local,30,100.0,1024,4,64,256,4,true,0,11330478.0,94631.3994112,0.00030132627500001,0.00057300462962963,1
64,local,31,0.1,1024,4,64,256,4,true,0,145325.0,1213.0365024,3.3716300042008e-05,0.0011840605709877,0
65,local,31,0.1,1024,4,64,256,4,true,0,145356.0,1213.2954144,4.0588240554862e-05,0.0012164448302469,1
66,local,32,100.0,64,16,64,256,4,true,0,26574762.0,17858.2457472,0.47127281165568,0.0012942033179012,0
67,local,32,100.0,64,16,64,256,4,true,0,26763776.0,17985.2600352,0.46568560221913,0.0012723464506173,1
68,local,33,0.1,64,16,64,256,4,true,0,145326.0,97.6682592,0.00015548803980492,0.0015090397376543,0
69,local,33,0.1,64,16,64,256,4,true,0,145322.0,97.6655904,5.7111244447183e-05,0.0011949513888889001,1
70,local,34,100.0,1024,16,64,256,4,true,0,11237817.0,93857.5070368,0.0001498642898069,0.0005969502314814801,0
71,local,34,100.0,1024,16,64,256,4,true,0,11243375.0,93903.9295776,0.00017080919727852,0.00059620061728395,1
72,local,35,0.1,1024,16,64,256,4,true,0,145308.0,1212.903312,0.00014312373046499,0.0014695019290123,0
73,local,35,0.1,1024,16,64,256,4,true,0,145310.0,1212.9139488,0.00013417785102132,0.0014526253858025,1
74,local,36,100.0,64,1,1024,256,4,true,0,5113414.0,3436.2151488,0.90497508620991,0.00069069830246914,0
75,local,36,100.0,64,1,1024,256,4,true,0,5138388.0,3452.9978976,0.9043437286557,0.00068622029320988,1
76,local,37,0.1,64,1,1024,256,4,true,0,145217.0,97.595424,0.00090677986508381,0.0011780289351852,0
77,local,37,0.1,64,1,1024,256,4,true,0,145200.0,97.5836544,0.00097150437314575,0.0011756732253086,1
78,local,38,100.0,1024,1,1024,256,4,true,0,4936795.0,41231.8104352,0.56386902888246,0.0011559830246914,0
79,local,38,100.0,1024,1,1024,256,4,true,0,4950661.0,41347.6078368,0.56449052041021,0.0011506832561728,1
80,local,39,0.1,1024,1,1024,256,4,true,0,145175.0,1211.7897696,0.00097235899246262,0.0011908722993827,0
81,local,39,0.1,1024,1,1024,256,4,true,0,145206.0,1212.0514848,0.00084429239077177,0.0011902430555556,1
82,local,40,100.0,64,4,1024,256,4,true,0,19864553.0,13348.9842336,0.61514336851507,0.0005979162808641999,0
83,local,40,100.0,64,4,1024,256,4,true,0,19868864.0,13351.88112,0.61507052293634,0.0005952465277777799,1
84,local,41,0.1,64,4,1024,256,4,true,0,145317.0,97.6624896,0.0001321070314656,0.0011540574845679,0
85,local,41,0.1,64,4,1024,256,4,true,0,145368.0,97.6969728,0.87853477645453,0.0011525474537037001,1
86,local,41,0.1,64,4,1024,256,4,true,0,17651.0,14.6862976,,,2
87,local,42,100.0,1024,4,1024,256,4,true,0,11249438.0,93954.5355328,0.00033259927425855,0.00088582060185185,0
88,local,42,100.0,1024,4,1024,256,4,true,0,11021459.0,92050.4879968,0.00039028592552603,0.00090453047839506,1
89,local,43,0.1,1024,4,1024,256,4,true,0,145343.0,1213.1843328,0.00013208376587326,0.0011634182098765,0
90,local,43,0.1,1024,4,1024,256,4,true,0,145345.0,1213.2157536,6.1229656618589e-05,0.0011669212962963,1
91,local,44,100.0,64,16,1024,256,4,true,0,23059524.0,19017.454272,0.54902761347172,0.0014346774691358,0
92,local,44,100.0,64,16,1024,256,4,true,0,22978710.0,18998.8700288,0.55099462868391,0.0015032546296296,1
93,local,45,0.1,64,16,1024,256,4,true,0,145328.0,97.6699392,0.00013209676087733,0.0012621111111111,0
94,local,45,0.1,64,16,1024,256,4,true,0,145335.0,97.6748544,0.00013828118550319,0.0011685829475309,1
95,local,46,100.0,1024,16,1024,256,4,true,0,10946452.0,91423.9979872,0.00039011119264809,0.0015022214506173,0
96,local,46,100.0,1024,16,1024,256,4,true,0,11229925.0,93791.588576,0.00038371101649581,0.0014764290123457,1
97,local,47,0.1,1024,16,1024,256,4,true,0,145280.0,1212.6581568,0.0001692994101361,0.0012250219907407,0
98,local,47,0.1,1024,16,1024,256,4,true,0,145343.0,1213.1877984,3.9215794195524e-05,0.0017215810185185001,1
99,local,48,100.0,64,1,64,256,16,true,0,4588417.0,3083.4171264,0.9132924211593,0.00057226350308642,0
100,local,48,100.0,64,1,64,256,16,true,0,4621624.0,3105.7321152,0.91231749572783,0.00067669945987654,1
101,local,49,0.1,64,1,64,256,16,true,0,145131.0,97.5375648,0.001499145163898,0.00098490316358025,0
102,local,49,0.1,64,1,64,256,16,true,0,145130.0,97.5369504,0.0014991534152008,0.00097933487654321,1
103,local,50,100.0,1024,1,64,256,16,true,0,4748741.0,39661.199904,0.59593884126677,0.0010148533950617,0
104,local,50,100.0,1024,1,64,256,16,true,0,4764469.0,39792.559632,0.59469050617979,0.0010112260802468999,1
105,local,51,0.1,1024,1,64,256,16,true,0,145109.0,1211.2420992,0.0015117444030365,0.0012465983796296,0
106,local,51,0.1,1024,1,64,256,16,true,0,145123.0,1211.3505184,0.0015109065990015,0.0012756805555556,1
107,local,52,100.0,64,4,64,256,16,true,0,17177905.0,11543.556336,0.66178238015632,0.00055331597222222,0
108,local,52,100.0,64,4,64,256,16,true,0,17330239.0,11645.9244768,0.65892683831532,0.00054789660493827,1
109,local,53,0.1,64,4,64,256,16,true,0,145345.0,97.6811712,2.8895868234846e-05,0.00083212152777778,0
110,local,53,0.1,64,4,64,256,16,true,0,145338.0,97.676256,2.9585310274194e-05,0.00080731520061728,1
111,local,54,100.0,1024,4,64,256,16,true,0,11277859.0,94191.9224224,0.00031121219378816,0.0005794548611111099,0
112,local,54,100.0,1024,4,64,256,16,true,0,11255391.0,94004.2786976,0.0003142661176494,0.00057910030864198,1
113,local,55,0.1,1024,4,64,256,16,true,0,145318.0,1212.985776,3.0965483119982e-05,0.0011908179012346,0
114,local,55,0.1,1024,4,64,256,16,true,0,145343.0,1213.1901792,3.9215821175831e-05,0.0012300582561728,1
115,local,56,100.0,64,16,64,256,16,true,0,26889041.0,18069.44016,0.46396227604735,0.0013870119598765,0
116,local,56,100.0,64,16,64,256,16,true,0,26784976.0,17999.5062656,0.46704635749329,0.001377731867284,1
117,local,57,0.1,64,16,64,256,16,true,0,145340.0,97.6780032,0.00014377937502064,0.0014725273919752998,0
118,local,57,0.1,64,16,64,256,16,true,0,145375.0,97.7010528,0.00012173917828118,0.0015984637345679,1
119,local,58,100.0,1024,16,64,256,16,true,0,11266186.0,94094.4503392,0.0001407909112261,0.0005997025462963001,0
120,local,58,100.0,1024,16,64,256,16,true,0,11261800.0,94057.7968352,0.00013745468687543,0.0006081435185185199,1
121,local,59,0.1,1024,16,64,256,16,true,0,145308.0,1212.9108288,0.00013693087674294,0.0014391921296296,0
122,local,59,0.1,1024,16,64,256,16,true,0,145346.0,1213.2218848,0.00014377383618858,0.001514425154321,1
123,local,60,100.0,64,1,1024,256,16,true,0,5033308.0,3382.383888,0.90669734611533,0.0007271041666666701,0
124,local,60,100.0,64,1,1024,256,16,true,0,5054650.0,3396.7258752,0.90592060313371,0.00073252970679012,1
125,local,61,0.1,64,1,1024,256,16,true,0,145201.0,97.5847392,0.00092818950753659,0.0011821114969136,0
126,local,61,0.1,64,1,1024,256,16,true,0,145220.0,97.5971712,0.00083939717522208,0.0011782974537037,1
127,local,62,100.0,1024,1,1024,256,16,true,0,4819984.0,40256.205424,0.57166254292819,0.0011886979166666999,0
128,local,62,100.0,1024,1,1024,256,16,true,0,4831065.0,40348.7471232,0.57409589762204,0.00118734375,1
129,local,63,0.1,1024,1,1024,256,16,true,0,145206.0,1212.0506496,0.00088897940760391,0.0011908518518519,0
130,local,63,0.1,1024,1,1024,256,16,true,0,145211.0,1212.099376,0.00098036247956723,0.0011989645061728,1
131,local,64,100.0,64,4,1024,256,16,true,0,19407776.0,13042.0293216,0.62447141197015,0.0006475625,0
132,local,64,100.0,64,4,1024,256,16,true,0,19556328.0,13141.8566784,0.62161782025108,0.0006541026234567899,1
133,local,65,0.1,64,4,1024,256,16,true,0,145312.0,97.6586496,0.00015963097721683,0.0011533993055556,0
134,local,65,0.1,64,4,1024,256,16,true,0,145355.0,97.6877568,0.87854164946751,0.0011550694444444,1
135,local,65,0.1,64,4,1024,256,16,true,0,17654.0,14.6887104,,,2
136,local,66,100.0,1024,4,1024,256,16,true,0,11175939.0,93340.6950752,0.00040105816388059,0.0008965655864197501,0
137,local,66,100.0,1024,4,1024,256,16,true,0,11103649.0,92736.9511968,0.00037504223602702,0.00090468634259259,1
138,local,67,0.1,1024,4,1024,256,16,true,0,145290.0,1212.7554816,0.0001321317601396,0.0011599594907407,0
139,local,67,0.1,1024,4,1024,256,16,true,0,145320.0,1212.9977536,6.5368651671838e-05,0.001168337191358,1
140,local,68,100.0,64,16,1024,256,16,true,0,23762292.0,19032.5169024,0.53426141372937,0.0011886435185185001,0
141,local,68,100.0,64,16,1024,256,16,true,0,23287781.0,18883.0137984,0.54498726649913,0.0011861500771605,1
142,local,69,0.1,64,16,1024,256,16,true,0,145291.0,97.6452864,0.00013213030525538,0.0018348572530864,0
143,local,69,0.1,64,16,1024,256,16,true,0,145350.0,97.6844544,7.1546111468868e-05,0.0011978800154321,1
144,local,70,100.0,1024,16,1024,256,16,true,0,10967365.0,91598.7055584,0.00033005236128947,0.0015094313271605,0
145,local,70,100.0,1024,16,1024,256,16,true,0,11064276.0,92408.0761344,0.00041727741340181,0.0015034178240741001,1
146,local,71,0.1,1024,16,1024,256,16,true,0,145323.0,1213.0206336,4.6789967405259e-05,0.0015485200617284,0
147,local,71,0.1,1024,16,1024,256,16,true,0,145335.0,1213.1239456,0.00013690600680261,0.0015499402006173,1
148,local,72,100.0,64,1,64,256,1,false,0,1595500.0,1072.176576,0.970673946892,0.0055955825617284,0
149,local,72,100.0,64,1,64,256,1,false,0,1614498.0,1084.9435008,0.97014653300884,,1
150,local,72,100.0,64,1,64,256,1,false,0,759029.0,631.5123776,0.98620917699002,,2
151,local,73,0.1,64,1,64,256,1,false,0,145137.0,97.5415296,0.0014530563719825,0.00087938310185185,0
152,local,73,0.1,64,1,64,256,1,false,0,145167.0,97.5614208,0.0014692449071679,0.0008583950617284,1
153,local,74,100.0,1024,1,64,256,1,false,0,1839384.0,15362.4255104,0.84347006235107,0.0060637716049383,0
154,local,74,100.0,1024,1,64,256,1,false,0,1828719.0,15273.3390624,0.84440010135202,0.0060631847993827,1
155,local,75,0.1,1024,1,64,256,1,false,0,145074.0,1210.93848,0.0014983629507219,0.0011491662808642,0
156,local,75,0.1,1024,1,64,256,1,false,0,145124.0,1211.3607616,0.0015019705192704,0.0011528541666667,1
157,local,76,100.0,64,4,64,256,1,false,0,11911762.0,8004.7063296,0.76925236358414,0.0009615162037036999,0
158,local,76,100.0,64,4,64,256,1,false,0,11924688.0,8013.3929568,0.76860933221532,0.0011081693672839999,1
159,local,77,0.1,64,4,64,256,1,false,0,145355.0,97.6876896,6.8796988339503e-07,0.00078458217592593,0
160,local,77,0.1,64,4,64,256,1,false,0,145366.0,97.6953504,1.6509732487346e-05,0.00082015779320988,1
161,local,78,100.0,1024,4,64,256,1,false,0,11341294.0,94721.730832,0.0057048058446383,0.0007686929012345699,0
162,local,78,100.0,1024,4,64,256,1,false,0,11317540.0,94523.3443104,0.0033599704521831,0.0007097935956790099,1
163,local,79,0.1,1024,4,64,256,1,false,0,145336.0,1213.1378592,3.7841675932127e-05,0.0011778645833333,0
164,local,79,0.1,1024,4,64,256,1,false,0,145332.0,1213.0927456,3.0962585499728e-05,0.0012269351851852,1
165,local,80,100.0,64,16,64,256,1,false,0,8288374.0,5569.7866496,0.84078802070742,0.0039040744598765,0
166,local,80,100.0,64,16,64,256,1,false,0,8233661.0,5533.0202144,0.84180662733727,0.0038952804783951,1
167,local,81,0.1,64,16,64,256,1,false,0,145310.0,97.6579936,0.00013004930175908,0.0011723101851852,0
168,local,81,0.1,64,16,64,256,1,false,0,145352.0,97.6860672,5.5035470360676e-05,0.0011661361882716,1
169,local,82,100.0,1024,16,64,256,1,false,0,11162082.0,93224.9563072,0.00013832422149473,0.0006835513117284,0
170,local,82,100.0,1024,16,64,256,1,false,0,11168024.0,93274.5807904,0.00017066355220974,0.00067634722222222,1
171,local,83,0.1,1024,16,64,256,1,false,0,145302.0,1212.8419008,0.00015000973687052,0.001187731095679,0
172,local,83,0.1,1024,16,64,256,1,false,0,145330.0,1213.0800096,4.1971475909786e-05,0.0014505474537037,1
173,local,84,100.0,64,1,1024,256,1,false,0,5103929.0,3429.8409888,0.90522809432461,0.00064232947530864,0
174,local,84,100.0,64,1,1024,256,1,false,0,5106936.0,3431.8616448,0.90492062982086,0.0006696030092592601,1
175,local,85,0.1,64,1,1024,256,1,false,0,145219.0,97.5968416,0.00092670053331723,0.0011811138117284,0
176,local,85,0.1,64,1,1024,256,1,false,0,145233.0,97.6062432,0.00097265558362092,0.0011773043981481,1
177,local,86,100.0,1024,1,1024,256,1,false,0,4990042.0,41676.5403168,0.5584006546164,0.0011118144290123001,0
178,local,86,100.0,1024,1,1024,256,1,false,0,4969258.0,41502.9332432,0.56166361631953,0.0011026157407407,1
179,local,87,0.1,1024,1,1024,256,1,false,0,145175.0,1211.7880992,0.00097373529676903,0.001195474537037,0
180,local,87,0.1,1024,1,1024,256,1,false,0,145219.0,1212.1625664,0.00097275193862445,0.0011916662808642,1
181,local,88,100.0,64,4,1024,256,1,false,0,19893259.0,13368.2742144,0.614722789655,0.00054452044753086,0
182,local,88,100.0,64,4,1024,256,1,false,0,19958628.0,13412.2029504,0.61377006931314,0.0005464286265432101,1
183,local,89,0.1,64,4,1024,256,1,false,0,145324.0,97.6670752,0.00013141318714127,0.0011567422839506001,0
184,local,89,0.1,64,4,1024,256,1,false,0,145333.0,97.6733088,6.6050561704944e-05,0.0012109247685185,1
185,local,90,100.0,1024,4,1024,256,1,false,0,11234203.0,93827.3288736,0.00029824103462217,0.00086369945987654,0
186,local,90,100.0,1024,4,1024,256,1,false,0,11072702.0,92478.4534272,0.0003979196488485,0.00087348726851852,1
187,local,91,0.1,1024,4,1024,256,1,false,0,145279.0,1212.6498048,0.00013214194522582,0.0011740474537037002,0
188,local,91,0.1,1024,4,1024,256,1,false,0,145346.0,1213.2180384,0.00010387887860341,0.0011709961419753,1
189,local,92,100.0,64,16,1024,256,1,false,0,42917592.0,29627.8759072,0.039404882325353,0.00029326466049383,0
190,local,92,100.0,64,16,1024,256,1,false,0,43112460.0,29630.2651072,0.033834800923074,0.00028921180555555997,1
191,local,93,0.1,64,16,1024,256,1,false,0,145298.0,97.649872,0.00013143633767443,0.0011674513888889002,0
192,local,93,0.1,64,16,1024,256,1,false,0,145332.0,97.6726464,0.00016098406670517,0.0014513518518519,1
193,local,94,100.0,1024,16,1024,256,1,false,0,10890460.0,90956.3689664,0.00033999854399114,0.00149953125,0
194,local,94,100.0,1024,16,1024,256,1,false,0,10944148.0,91404.7764064,0.00036095760248889,0.0015057735339506,1
195,local,95,0.1,1024,16,1024,256,1,false,0,145303.0,1212.8623872,0.0001321201219634,0.0011825405092593,0
196,local,95,0.1,1024,16,1024,256,1,false,0,145302.0,1212.8419008,0.00019472870094628,0.0011759625771605,1
197,local,96,100.0,64,1,64,256,4,false,0,3134992.0,2106.71568,0.94136169291632,0.00077467824074074,0
198,local,96,100.0,64,1,64,256,4,false,0,3151644.0,2117.9054272,0.94089683521724,0.00079708101851852,1
199,local,97,0.1,64,1,64,256,4,false,0,145136.0,97.5410752,0.0015093986553005,0.0009365196759259299,0
200,local,97,0.1,64,1,64,256,4,false,0,145156.0,97.5541632,0.0014556160915745,0.0009284729938271601,1
201,local,98,100.0,1024,1,64,256,4,false,0,3332321.0,27831.3447072,0.71641277651147,0.0011672418981481,0
202,local,98,100.0,1024,1,64,256,4,false,0,3317143.0,27704.5600256,0.71775003012124,0.001167513117284,1
203,local,99,0.1,1024,1,64,256,4,false,0,145103.0,1211.1892608,0.0015111155762573,0.0013015949074074,0
204,local,99,0.1,1024,1,64,256,4,false,0,145129.0,1211.4031488,0.0014668809652242,0.0012984486882716,1
205,local,100,100.0,64,4,64,256,4,false,0,11220103.0,7539.9115104,0.78305971914493,0.00075920987654321,0
206,local,100,100.0,64,4,64,256,4,false,0,11256199.0,7564.1682432,0.78200861259109,0.0007474930555555599,1
207,local,101,0.1,64,4,64,256,4,false,0,145332.0,97.672576,2.4770204746338e-05,0.00081092554012346,0
208,local,101,0.1,64,4,64,256,4,false,0,145347.0,97.6823712,4.8160277402731e-06,0.00079810223765432,1
209,local,102,100.0,1024,4,64,256,4,false,0,11218267.0,93694.2161728,0.00041963908793041,0.00061728086419753,0
210,local,102,100.0,1024,4,64,256,4,false,0,11295939.0,94342.938592,0.00038313248928556,0.00061032716049383,1
211,local,103,0.1,1024,4,64,256,4,false,0,145336.0,1213.1397504,3.5777781447255e-05,0.0012338827160494,0
212,local,103,0.1,1024,4,64,256,4,false,0,145361.0,1213.3518912,3.7147306957808e-05,0.0012206477623456999,1
213,local,104,100.0,64,16,64,256,4,false,0,8295538.0,5574.6031968,0.84068795723756,0.0039776701388889,0
214,local,104,100.0,64,16,64,256,4,false,0,8272330.0,5559.0075936,0.84111942880475,0.0040030798611111,1
215,local,105,0.1,64,16,64,256,4,false,0,145352.0,97.6862848,0.00014307962381066,0.0015996122685185,0
216,local,105,0.1,64,16,64,256,4,false,0,145387.0,97.7092512,0.00012585485015704,0.0011697002314814998,1
217,local,106,100.0,1024,16,64,256,4,false,0,11287192.0,94269.8835232,0.00014242434096656,0.00071282600308642,0
218,local,106,100.0,1024,16,64,256,4,false,0,11209355.0,93619.775328,0.00016016197159852,0.0007431327160493799,1
219,local,107,0.1,1024,16,64,256,4,false,0,145291.0,1212.7558752,0.00013281848392865,0.0014413016975308999,0
220,local,107,0.1,1024,16,64,256,4,false,0,145279.0,1212.6490496,4.1297996014711e-05,0.0011868391203704,1
221,local,108,100.0,64,1,1024,256,4,false,0,5119928.0,3440.5925568,0.90493422255812,0.00065182214506173,0
222,local,108,100.0,64,1,1024,256,4,false,0,5070939.0,3407.672016,0.90545623788957,0.00067889043209877,1
223,local,109,0.1,64,1,1024,256,4,false,0,145221.0,97.5976416,0.00092806690337299,0.0011824915123456999,0
224,local,109,0.1,64,1,1024,256,4,false,0,145252.0,97.6186752,0.00092717928400854,0.0011791720679012,1
225,local,110,100.0,1024,1,1024,256,4,false,0,4945482.0,41304.3651936,0.56161708871551,0.0011201658950617,0
226,local,110,100.0,1024,1,1024,256,4,false,0,4950921.0,41349.7775968,0.56397446669586,0.001115912037037,1
227,local,111,0.1,1024,1,1024,256,4,false,0,145168.0,1211.7365376,0.00097171898602633,0.0011931454475309,0
228,local,111,0.1,1024,1,1024,256,4,false,0,145188.0,1211.890608,0.0010217653214915,0.0011944417438272,1
229,local,112,100.0,64,4,1024,256,4,false,0,19697372.0,13236.6379296,0.61894447178458,0.0005591473765432101,0
230,local,112,100.0,64,4,1024,256,4,false,0,19730147.0,13258.6628928,0.61864484057829,0.00055840817901235,1
231,local,113,0.1,64,4,1024,256,4,false,0,145296.0,97.6484352,0.00013212584987199,0.0011603738425926002,0
232,local,113,0.1,64,4,1024,256,4,false,0,145330.0,97.671168,0.87851982827421,0.0011609733796296,1
233,local,113,0.1,64,4,1024,256,4,false,0,17656.0,14.6905408,,,2
234,local,114,100.0,1024,4,1024,256,4,false,0,11053905.0,92321.4762336,0.00031743402181339,0.0008821940586419799,0
235,local,114,100.0,1024,4,1024,256,4,false,0,11172745.0,93314.0201728,0.00037510272714936,0.0008749355709876499,1
236,local,115,0.1,1024,4,1024,256,4,false,0,145335.0,1213.1302656,0.00013277818750201,0.0011713719135802,0
237,local,115,0.1,1024,4,1024,256,4,false,0,145322.0,1213.013952,9.7016034479869e-05,0.0011720289351852,1
238,local,116,100.0,64,16,1024,256,4,false,0,42972292.0,29631.2325184,0.038548383403661,0.00030128433641975,0
239,local,116,100.0,64,16,1024,256,4,false,0,42884707.0,29645.1201408,0.041783978268401,0.00030499459876543,1
240,local,117,0.1,64,16,1024,256,4,false,0,145297.0,97.648848,0.00013969411805181,0.0011676797839506,0
241,local,117,0.1,64,16,1024,256,4,false,0,145329.0,97.6701504,4.8164253866889e-05,0.0021227785493827,1
242,local,118,100.0,1024,16,1024,256,4,false,0,10946644.0,91425.621568,0.00030354427160961,0.0014762388117284,0
243,local,118,100.0,1024,16,1024,256,4,false,0,10988630.0,91776.2946432,0.0003449194520061,0.0014895597993827001,1
244,local,119,0.1,1024,16,1024,256,4,false,0,145302.0,1212.8529792,0.00014037685681079,0.0011864093364198,0
245,local,119,0.1,1024,16,1024,256,4,false,0,145311.0,1212.9215424,0.00012798493906263,0.0021855119598765,1
246,local,120,100.0,64,1,64,256,16,false,0,3043474.0,2045.215216,0.94313325512095,0.00092007214506173,0
247,local,120,100.0,64,1,64,256,16,false,0,3024711.0,2032.6063968,0.943258176136,,1
248,local,120,100.0,64,1,64,256,16,false,0,797428.0,663.4601792,0.98547904654547,,2
249,local,121,0.1,64,1,64,256,16,false,0,145136.0,97.5407232,0.001461312374096,0.0008907384259259299,0
250,local,121,0.1,64,1,64,256,16,false,0,145144.0,97.5458304,0.0014969565552388,0.00090130478395062,1
251,local,122,100.0,1024,1,64,256,16,false,0,3192427.0,26662.95168,0.72831004915015,0.001250731867284,0
252,local,122,100.0,1024,1,64,256,16,false,0,3189001.0,26634.3212512,0.72865292261718,0.0012479548611110999,1
253,local,123,0.1,1024,1,64,256,16,false,0,145130.0,1211.4139296,0.0015025923846637,0.0012938530092593001,0
254,local,123,0.1,1024,1,64,256,16,false,0,145143.0,1211.5197792,0.001503827674832,0.0012769741512345999,1
255,local,124,100.0,64,4,64,256,16,false,0,11022163.0,7406.8942272,0.78719475636201,0.00083410841049383,0
256,local,124,100.0,64,4,64,256,16,false,0,10929931.0,7344.91584,0.78855845728198,0.00085040393518519,1
257,local,125,0.1,64,4,64,256,16,false,0,145347.0,97.6827168,1.3071940391907e-05,0.0008225212191358,0
258,local,125,0.1,64,4,64,256,16,false,0,145331.0,97.671888,2.4082259493907e-05,0.00083585030864198,1
259,local,126,100.0,1024,4,64,256,16,false,0,11287163.0,94269.644544,0.00042364703186626,0.00067285648148148,0
260,local,126,100.0,1024,4,64,256,16,false,0,11247650.0,93939.6377024,0.00053733450239501,0.0006826774691358,1
261,local,127,0.1,1024,4,64,256,16,false,0,145323.0,1213.0344384,3.5092837758266e-05,0.0012286296296296,0
262,local,127,0.1,1024,4,64,256,16,false,0,145338.0,1213.1494752,2.8897279802709e-05,0.0012397924382716,1
263,local,128,100.0,64,16,64,256,16,false,0,8379892.0,5631.288816,0.83886097648331,0.0042165821759259,0
264,local,128,100.0,64,16,64,256,16,false,0,8327009.0,5595.7510688,0.83985329801325,0.0041776712962963,1
265,local,129,0.1,64,16,64,256,16,false,0,145321.0,97.6647648,0.00014104702301332,0.0011722642746914,0
266,local,129,0.1,64,16,64,256,16,false,0,145356.0,97.6886304,8.5300284517698e-05,0.0015494783950617,1
267,local,130,100.0,1024,16,64,256,16,false,0,11144152.0,93075.2013056,0.00017883311736333,0.00089541087962963,0
268,local,130,100.0,1024,16,64,256,16,false,0,11270329.0,94129.0295168,0.00016792606632876,0.0008845077160493799,1
269,local,131,0.1,1024,16,64,256,16,false,0,145307.0,1212.8957952,0.00014931658418704,0.0011874679783951002,0
270,local,131,0.1,1024,16,64,256,16,false,0,145313.0,1212.9338496,7.431669923752e-05,0.0012814648919753,1
271,local,132,100.0,64,1,1024,256,16,false,0,4868373.0,3271.54768,0.90973561216675,0.00074071875,0
272,local,132,100.0,64,1,1024,256,16,false,0,4876834.0,3277.2333792,0.90926886296485,0.00075656944444444,1
273,local,133,0.1,64,1,1024,256,16,false,0,145219.0,97.59648,0.00092807648065696,0.0011845246913579999,0
274,local,133,0.1,64,1,1024,256,16,false,0,145214.0,97.5933408,0.00092879512568322,0.0011796658950617,1
275,local,134,100.0,1024,1,1024,256,16,false,0,4748488.0,39659.0547552,0.57997891141584,0.0012014139660494,0
276,local,134,100.0,1024,1,1024,256,16,false,0,4705580.0,39300.6862464,0.58458457846939,0.0012071400462963,1
277,local,135,0.1,1024,1,1024,256,16,false,0,145175.0,1211.7828672,0.00097854697472777,0.0011985520833333,0
278,local,135,0.1,1024,1,1024,256,16,false,0,145225.0,1212.211008,0.000932851222613,0.0012019648919752999,1
279,local,136,100.0,64,4,1024,256,16,false,0,18943422.0,12729.984112,0.63442054316384,0.00064551041666667,0
280,local,136,100.0,64,4,1024,256,16,false,0,18992672.0,12763.0797312,0.63321898959063,0.00063882523148148,1
281,local,137,0.1,64,4,1024,256,16,false,0,145330.0,97.6710912,0.00013209539764503,0.0012019648919752999,0
282,local,137,0.1,64,4,1024,256,16,false,0,145323.0,97.6667904,0.00013210121429919,0.0011624452160494,1
283,local,138,100.0,1024,4,1024,256,16,false,0,11125662.0,92920.7789568,0.00032602255635095,0.00088671296296296,0
284,local,138,100.0,1024,4,1024,256,16,false,0,11115672.0,92837.3322784,0.00043947429083946,0.00088582484567901,1
285,local,139,0.1,1024,4,1024,256,16,false,0,145279.0,1212.6498048,0.00013214194522582,0.0012246531635802,0
286,local,139,0.1,1024,4,1024,256,16,false,0,145329.0,1213.0768128,0.00013278403399275,0.0011731323302469,1
287,local,140,100.0,64,16,1024,256,16,false,0,41020129.0,29536.0570368,0.094201057247311,0.0003328287037037,0
288,local,140,100.0,64,16,1024,256,16,false,0,41163541.0,29509.1690912,0.088758769945127,0.00033121682098765,1
289,local,141,0.1,64,16,1024,256,16,false,0,145316.0,97.6614816,0.00014242789329877,0.0022161257716049,0
290,local,141,0.1,64,16,1024,256,16,false,0,145337.0,97.6762816,8.187157033801e-05,0.0011712461419753,1
291,local,142,100.0,1024,16,1024,256,16,false,0,10886606.0,90924.1771456,0.00032162211927134,0.0015087685185185,0
292,local,142,100.0,1024,16,1024,256,16,false,0,11220227.0,93710.5917952,0.00033763312479596,0.0014745115740741,1
293,local,143,0.1,1024,16,1024,256,16,false,0,145283.0,1212.7020288,0.00013282570514617,0.0011821496913579999,0
294,local,143,0.1,1024,16,1024,256,16,false,0,145314.0,1212.9540384,0.00014518092226357,0.001455387345679,1
295,local,144,100.0,64,1,64,256,1,true,3,39849.0,26.7789504,0.99928314609581,,0
296,local,144,100.0,64,1,64,256,1,true,3,39887.0,26.8044864,0.99927960844838,,1
297,local,145,0.1,64,1,64,256,1,true,3,40095.0,26.9507136,0.72414357738076,0.19786871952159998,0
298,local,145,0.1,64,1,64,256,1,true,3,40036.0,26.9116,0.72454660538845,0.19781189236111,1
299,local,146,100.0,1024,1,64,256,1,true,3,46715.0,390.166416,0.99602464384513,,0
300,local,146,100.0,1024,1,64,256,1,true,3,46740.0,390.3721056,0.99602302225157,,1
301,local,147,0.1,1024,1,64,256,1,true,3,39411.0,328.4577888,0.72884024078198,0.19693987268519,0
302,local,147,0.1,1024,1,64,256,1,true,3,39508.0,329.2761216,0.72816095117521,0.19779295524690998,1
303,local,148,100.0,64,4,64,256,1,true,3,227600.0,152.9478048,0.99589220933111,,0
304,local,148,100.0,64,4,64,256,1,true,3,226352.0,152.1092064,0.99590061570261,,1
305,local,149,0.1,64,4,64,256,1,true,3,145349.0,97.6841952,8.5992035073756e-05,0.0029423811728395,0
306,local,149,0.1,64,4,64,256,1,true,3,145335.0,97.6744672,0.00010044747285165,0.0035265277777778003,1
307,local,150,100.0,1024,4,64,256,1,true,3,206490.0,1724.5883616,0.98242810586729,,0
308,local,150,100.0,1024,4,64,256,1,true,3,206789.0,1727.0978688,0.98240706157188,,1
309,local,151,0.1,1024,4,64,256,1,true,3,136473.0,1139.127504,0.061065913539434,0.16906685648148,0
310,local,151,0.1,1024,4,64,256,1,true,3,136073.0,1135.788672,0.063852856292719,0.18225814621914,1
311,local,152,100.0,64,16,64,256,1,true,3,324825.0,218.2826592,0.99411900607009,,0
312,local,152,100.0,64,16,64,256,1,true,3,340942.0,229.1134656,0.99380244277435,,1
313,local,153,0.1,64,16,64,256,1,true,3,145317.0,97.6624896,0.00026417916300614,0.001877612654321,0
314,local,153,0.1,64,16,64,256,1,true,3,145309.0,97.6573216,0.00013142611787886,0.0018438865740741,1
315,local,154,100.0,1024,16,64,256,1,true,3,313101.0,2615.0228928,0.97335381934059,,0
316,local,154,100.0,1024,16,64,256,1,true,3,288135.0,2406.5064096,0.97548414395137,,1
317,local,155,0.1,1024,16,64,256,1,true,3,145323.0,1213.0239744,0.00013210121429919,0.0018931238425926,0
318,local,155,0.1,1024,16,64,256,1,true,3,145343.0,1213.1843328,0.00013277161081549,0.001903330632716,1
319,local,156,100.0,64,1,1024,256,1,true,3,891798.0,599.2886304,0.98379450882797,,0
320,local,156,100.0,64,1,1024,256,1,true,3,893391.0,600.3589632,0.98374111159956,,1
321,local,157,0.1,64,1,1024,256,1,true,3,145201.0,97.584192,0.0010161762601412,0.0019810100308642,0
322,local,157,0.1,64,1,1024,256,1,true,3,145190.0,97.5773536,0.0009062608379713,0.0019836141975309,1
323,local,158,100.0,1024,1,1024,256,1,true,3,918931.0,7674.8602944,0.92067879177936,0.067973119984568,0
324,local,158,100.0,1024,1,1024,256,1,true,3,915657.0,7647.4974912,0.92098858424283,0.068587240740741,1
325,local,159,0.1,1024,1,1024,256,1,true,3,145194.0,1211.9415552,0.00093579934810561,0.0019974020061728,0
326,local,159,0.1,1024,1,1024,256,1,true,3,145199.0,1211.9987904,0.0010642952672916,0.0019971030092593,1
327,local,160,100.0,64,4,1024,256,1,true,3,3646935.0,2450.7412992,0.93250339141301,0.023065558256173,0
328,local,160,100.0,64,4,1024,256,1,true,3,3660818.0,2460.0679904,0.9319782140818,0.010119133487654001,1
329,local,161,0.1,64,4,1024,256,1,true,3,145311.0,97.6586496,0.00016582264545606,0.0019092978395062001,0
330,local,161,0.1,64,4,1024,256,1,true,3,145328.0,97.670224,0.00013140875691442,0.0019031535493827,1
331,local,162,100.0,1024,4,1024,256,1,true,3,3469322.0,28975.5703776,0.6972651365115,0.021438748070988,0
332,local,162,100.0,1024,4,1024,256,1,true,3,3482222.0,29083.3042752,0.69711956454519,0.022672144290123,1
333,local,163,0.1,1024,4,1024,256,1,true,3,145329.0,1213.0768128,0.00013278403399275,0.0019183402777778,0
334,local,163,0.1,1024,4,1024,256,1,true,3,145317.0,1212.9705216,0.0001321070314656,0.0019193831018519,1
335,local,164,100.0,64,16,1024,256,1,true,3,4507315.0,3029.0747232,0.91584672998143,0.025302382330247,0
336,local,164,100.0,64,16,1024,256,1,true,3,4573935.0,3073.8449856,0.91436833361784,0.013047869984568,1
337,local,165,0.1,64,16,1024,256,1,true,3,144780.0,97.3094784,0.00024720957018676,0.0018356435185185001,0
338,local,165,0.1,64,16,1024,256,1,true,3,145324.0,97.6824544,0.00035150424556596,0.0018481261574074,1
339,local,166,100.0,1024,16,1024,256,1,true,3,5817863.0,48590.4687744,0.48062645101391,0.008131361882716,0
340,local,166,100.0,1024,16,1024,256,1,true,3,5746470.0,47994.2324352,0.48963145373655,0.008427680941358,1
341,local,167,0.1,1024,16,1024,256,1,true,3,145303.0,1212.8623872,0.0001321201219634,0.0018598950617283998,0
342,local,167,0.1,1024,16,1024,256,1,true,3,145355.0,1213.2907008,0.00013207277209748,0.0018569803240741,1
343,local,168,100.0,64,1,64,256,4,true,3,158444.0,106.4749344,0.99714390105984,,0
344,local,168,100.0,64,1,64,256,4,true,3,158860.0,106.7544768,0.99711555631998,,1
345,local,169,0.1,64,1,64,256,4,true,3,145102.0,97.5177888,0.0016018142886238,0.0023753383487654,0
346,local,169,0.1,64,1,64,256,4,true,3,145127.0,97.5351616,0.0016145853398127,0.0021072642746914,1
347,local,170,100.0,1024,1,64,256,4,true,3,176975.0,1478.0845824,0.98494093942381,,0
348,local,170,100.0,1024,1,64,256,4,true,3,177052.0,1478.7294336,0.98493561858009,,1
349,local,171,0.1,1024,1,64,256,4,true,3,145091.0,1211.0807488,0.0016445297367446,0.0020118510802469,0
350,local,171,0.1,1024,1,64,256,4,true,3,145112.0,1211.2722432,0.0015742223836809,0.0019830073302469,1
351,local,172,100.0,64,4,64,256,4,true,3,301426.0,202.5586368,0.99453927644977,,0
352,local,172,100.0,64,4,64,256,4,true,3,305270.0,205.14192,0.99445515038303,,1
353,local,173,0.1,64,4,64,256,4,true,3,145332.0,97.6721568,0.00015341812838143,0.0015372781635802,0
354,local,173,0.1,64,4,64,256,4,true,3,145360.0,97.6918144,0.00014307175048289,0.00153634375,1
355,local,174,100.0,1024,4,64,256,4,true,3,332921.0,2780.5379904,0.97167488652887,0.19709594521605,0
356,local,174,100.0,1024,4,64,256,4,true,3,308197.0,2574.0457248,0.97377844355645,,1
357,local,174,100.0,1024,4,64,256,4,true,3,830119.0,7065.9805888,0.92935730019316,,2
358,local,175,0.1,1024,4,64,256,4,true,3,145318.0,1212.9791584,3.6470257129051e-05,0.0019188287037037002,0
359,local,175,0.1,1024,4,64,256,4,true,3,145344.0,1213.2020928,2.9584007573469e-05,0.0019174610339506,1
360,local,176,100.0,64,16,64,256,4,true,3,331444.0,222.7306944,0.99399209775214,,0
361,local,176,100.0,64,16,64,256,4,true,3,331779.0,222.9558912,0.9939678892944,,1
362,local,177,0.1,64,16,64,256,4,true,3,145303.0,97.652736,0.00013212003104823,0.0019074668209877,0
363,local,177,0.1,64,16,64,256,4,true,3,145323.0,97.6662528,0.00013210185052681,0.0019172696759259,1
364,local,178,100.0,1024,16,64,256,4,true,3,310006.0,2589.1416,0.97361845756893,0.20234849614198,0
365,local,178,100.0,1024,16,64,256,4,true,3,310138.0,2590.2750816,0.97361196799701,,1
366,local,178,100.0,1024,16,64,256,4,true,3,806729.0,6866.8840576,0.93134467645546,,2
367,local,179,0.1,1024,16,64,256,4,true,3,145257.0,1212.4809856,0.00013766756724198,0.0020565752314815,0
368,local,179,0.1,1024,16,64,256,4,true,3,145311.0,1212.9170688,0.00013211284914438,0.0021662800925926,1
369,local,180,100.0,64,1,1024,256,4,true,3,4156376.0,2793.0852768,0.92290260380913,0.010841907407407,0
370,local,180,100.0,64,1,1024,256,4,true,3,4177766.0,2807.4588896,0.92223445095133,0.013815320987654001,1
371,local,181,0.1,64,1,1024,256,4,true,3,145201.0,97.584192,0.00092819397809218,0.0020038152006173,0
372,local,181,0.1,64,1,1024,256,4,true,3,145226.0,97.6008576,0.0009273476755769,0.002005137345679,1
373,local,182,100.0,1024,1,1024,256,4,true,3,4210848.0,35168.739264,0.63049333034079,0.006561437114197499,0
374,local,182,100.0,1024,1,1024,256,4,true,3,4195175.0,35037.8177376,0.63116498610082,0.0073820563271605,1
375,local,183,0.1,1024,1,1024,256,4,true,3,145210.0,1212.075472,0.0010456624271477,0.0020197291666667,0
376,local,183,0.1,1024,1,1024,256,4,true,3,145202.0,1212.0186912,0.0010917601347261,0.0020158460648148,1
377,local,184,100.0,64,4,1024,256,4,true,3,5812032.0,3905.6875776,0.89105914063809,0.012719368441357999,0
378,local,184,100.0,64,4,1024,256,4,true,3,5828184.0,3916.5437344,0.89050941789603,0.010088363425926,1
379,local,185,0.1,64,4,1024,256,4,true,3,145310.0,97.657584,0.00022636093491879,0.0019342364969135999,0
380,local,185,0.1,64,4,1024,256,4,true,3,145323.0,97.6662528,0.00013210185052681,0.0022122469135802,1
381,local,186,100.0,1024,4,1024,256,4,true,3,6031468.0,50374.4011296,0.46569451234092,0.010369082175926,0
382,local,186,100.0,1024,4,1024,256,4,true,3,5969944.0,49860.5795424,0.47094222199843,0.010436032021605,1
383,local,187,0.1,1024,4,1024,256,4,true,3,145330.0,1213.077712,0.00013140740078221,0.0019424471450617,0
384,local,187,0.1,1024,4,1024,256,4,true,3,145348.0,1213.2366336,0.0001320793136278,0.0019347677469136,1
385,local,188,100.0,64,16,1024,256,4,true,3,5993188.0,4027.5837184,0.88726938705754,0.011433411265432,0
386,local,188,100.0,64,16,1024,256,4,true,3,5976300.0,4016.2259104,0.88728429846683,0.010383838348765,1
387,local,189,0.1,64,16,1024,256,4,true,3,145297.0,97.65528,0.00022775704722278,0.0021937766203704,0
388,local,189,0.1,64,16,1024,256,4,true,3,145328.0,97.6782432,0.00039618561295962,0.001926955632716,1
389,local,190,100.0,1024,16,1024,256,4,true,3,6045988.0,50495.8104096,0.45843029049289,0.0078843148148148,0
390,local,190,100.0,1024,16,1024,256,4,true,3,6025902.0,50328.0626336,0.46098300866769,0.0079076508487654,1
391,local,191,0.1,1024,16,1024,256,4,true,3,145310.0,1212.9164544,0.00026488006780934,0.00217375,0
392,local,191,0.1,1024,16,1024,256,4,true,3,145335.0,1213.129728,0.0002641469978043,0.0021355632716049,1
393,local,192,100.0,64,1,64,256,16,true,3,649194.0,436.2585984,0.98820537579066,,0
394,local,192,100.0,64,1,64,256,16,true,3,649080.0,436.1825824,0.98817470457285,,1
395,local,193,0.1,64,1,64,256,16,true,3,145079.0,97.5027456,0.0016295442987626,0.0016055223765432,0
396,local,193,0.1,64,1,64,256,16,true,3,145130.0,97.53696,0.0014558724776803,0.0016389440586420001,1
397,local,194,100.0,1024,1,64,256,16,true,3,658472.0,5499.5163648,0.94396146725521,0.065556078703704,0
398,local,194,100.0,1024,1,64,256,16,true,3,660652.0,5517.7395744,0.94379021298038,,1
399,local,194,100.0,1024,1,64,256,16,true,3,805921.0,6860.004944,0.93141135694879,,2
400,local,195,0.1,1024,1,64,256,16,true,3,145079.0,1210.9921536,0.0015855723923218,0.0018664664351852,0
401,local,195,0.1,1024,1,64,256,16,true,3,145136.0,1211.46048,0.0015087096507884,0.0018724895833333,1
402,local,196,100.0,64,4,64,256,16,true,3,747276.0,502.169856,0.98640276467764,,0
403,local,196,100.0,64,4,64,256,16,true,3,748603.0,503.0617888,0.98635894056732,,1
404,local,197,0.1,64,4,64,256,16,true,3,145300.0,97.6513344,0.00015826715357903,0.001533925154321,0
405,local,197,0.1,64,4,64,256,16,true,3,145352.0,97.6858752,2.5454745590126e-05,0.0015191913580247002,1
406,local,198,100.0,1024,4,64,256,16,true,3,820826.0,6855.4960384,0.93016263100967,0.07675556365740699,0
407,local,198,100.0,1024,4,64,256,16,true,3,818142.0,6833.0770912,0.93038683047653,0.078702197530864,1
408,local,199,0.1,1024,4,64,256,16,true,3,145299.0,1212.8210208,0.00016721268834652,0.0019224945987654,0
409,local,199,0.1,1024,4,64,256,16,true,3,145343.0,1213.1876736,0.00017404009663702,0.0019214351851852,1
410,local,200,100.0,64,16,64,256,16,true,3,803137.0,539.7086208,0.98539013158209,,0
411,local,200,100.0,64,16,64,256,16,true,3,797267.0,535.7641888,0.98541867569597,,1
412,local,201,0.1,64,16,64,256,16,true,3,145309.0,97.6573152,0.00014105798997177,0.0019446358024691002,0
413,local,201,0.1,64,16,64,256,16,true,3,145347.0,97.6827168,0.00023249175445295,0.0020206913580247,1
414,local,202,100.0,1024,16,64,256,16,true,3,708932.0,5920.9634944,0.93966504956724,0.087961292052469,0
415,local,202,100.0,1024,16,64,256,16,true,3,707573.0,5909.6312736,0.9398104704514,0.089398414737654,1
416,local,203,0.1,1024,16,64,256,16,true,3,145314.0,1212.94296,0.00024286289254516,0.0021202820216049,0
417,local,203,0.1,1024,16,64,256,16,true,3,145336.0,1213.1275392,0.00026758346678113,0.0023544494598765,1
418,local,204,100.0,64,1,1024,256,16,true,3,4516875.0,3035.341008,0.91643071430673,0.0025611442901235,0
419,local,204,100.0,64,1,1024,256,16,true,3,4528980.0,3043.4753472,0.91576962627333,0.0017944976851852,1
420,local,205,0.1,64,1,1024,256,16,true,3,145181.0,97.5712896,0.0010603016458414,0.0020063989197531,0
421,local,205,0.1,64,1,1024,256,16,true,3,145214.0,97.5933408,0.00092810776782859,0.0020082646604938,1
422,local,206,100.0,1024,1,1024,256,16,true,3,4489561.0,37496.5342144,0.60408811626463,0.0023032199074074,0
423,local,206,100.0,1024,1,1024,256,16,true,3,4504360.0,37620.1296384,0.60313235523676,0.0023515165895062,1
424,local,207,0.1,1024,1,1024,256,16,true,3,145188.0,1211.8914432,0.00093308808805714,0.0020247507716049,0
425,local,207,0.1,1024,1,1024,256,16,true,3,145190.0,1211.917776,0.00099906973671893,0.0020157619598765,1
426,local,208,100.0,64,4,1024,256,16,true,3,6107682.0,4104.3685824,0.88529997445106,0.010702132330247,0
427,local,208,100.0,64,4,1024,256,16,true,3,6091765.0,4093.6676512,0.88535074005954,0.010142093364198,1
428,local,209,0.1,64,4,1024,256,16,true,3,145294.0,97.6466112,0.00023876891572761,0.0019409629629630002,0
429,local,209,0.1,64,4,1024,256,16,true,3,145349.0,97.6839936,0.00013276576541876,0.0019317978395062,1
430,local,210,100.0,1024,4,1024,256,16,true,3,6007982.0,50178.2994208,0.47265479973895,0.010643510416667001,0
431,local,210,100.0,1024,4,1024,256,16,true,3,5978620.0,49933.0718784,0.47517616490049,0.010759032407406999,1
432,local,211,0.1,1024,4,1024,256,16,true,3,145311.0,1212.9170688,0.00013211284914438,0.0019425590277778002,0
433,local,211,0.1,1024,4,1024,256,16,true,3,145303.0,1212.862672,0.00013143199632815,0.0019431033950617,1
434,local,212,100.0,64,16,1024,256,16,true,3,5994926.0,4028.7433056,0.88627229202955,0.0094263090277778,0
435,local,212,100.0,64,16,1024,256,16,true,3,6004263.0,4034.999792,0.88599956029356,0.010177180941358,1
436,local,213,0.1,64,16,1024,256,16,true,3,145304.0,97.6582272,0.00012730245411607,0.0019425119598765,0
437,local,213,0.1,64,16,1024,256,16,true,3,145318.0,97.6683552,0.0002119028879336,0.0020584949845679,1
438,local,214,100.0,1024,16,1024,256,16,true,3,6055800.0,50577.7112992,0.45676972872512,0.0072329170524690995,0
439,local,214,100.0,1024,16,1024,256,16,true,3,6056783.0,50585.8857952,0.45789425592353,0.0072933599537036995,1
440,local,215,0.1,1024,16,1024,256,16,true,3,145276.0,1212.6299808,0.00028007792634988,0.0027372168209877,0
441,local,215,0.1,1024,16,1024,256,16,true,3,145330.0,1213.0863616,0.00016786465155705,0.0019489888117284,1
442,local,216,100.0,64,1,64,256,1,false,3,39520.0,26.55744,0.99928809286719,,0
443,local,216,100.0,64,1,64,256,1,false,3,39619.0,26.6241024,0.99928244234536,,1
444,local,217,0.1,64,1,64,256,1,false,3,39211.0,26.356848,0.73019819011499,0.20180555825617003,0
445,local,217,0.1,64,1,64,256,1,false,3,39315.0,26.4264192,0.72957158029121,0.20143138657407,1
446,local,218,100.0,1024,1,64,256,1,false,3,46027.0,384.4153824,0.99608380776624,,0
447,local,218,100.0,1024,1,64,256,1,false,3,45904.0,383.3927904,0.99609429503265,,1
448,local,219,0.1,1024,1,64,256,1,false,3,38851.0,323.7956832,0.73261325447061,0.20153108256173,0
449,local,219,0.1,1024,1,64,256,1,false,3,38837.0,323.6826112,0.73279439689573,0.20163820910494,1
450,local,220,100.0,64,4,64,256,1,false,3,224219.0,150.675264,0.99594901622597,,0
451,local,220,100.0,64,4,64,256,1,false,3,224531.0,150.8854464,0.99593356226037,,1
452,local,221,0.1,64,4,64,256,1,false,3,145316.0,97.661808,0.00017751186164527,0.0025566647376543,0
453,local,221,0.1,64,4,64,256,1,false,3,145337.0,97.675728,0.0001671693211962,0.0035278811728394997,1
454,local,222,100.0,1024,4,64,256,1,false,3,204428.0,1707.375456,0.98260478667741,,0
455,local,222,100.0,1024,4,64,256,1,false,3,201913.0,1686.3669888,0.98282029686937,,1
456,local,223,0.1,1024,4,64,256,1,false,3,134140.0,1119.6430464,0.076913654583928,0.18330887615741,0
457,local,223,0.1,1024,4,64,256,1,false,3,135129.0,1127.9019424,0.070148771021992,0.17031504398148,1
458,local,224,100.0,64,16,64,256,1,false,3,159052.0,106.8830304,0.99712592777865,,0
459,local,224,100.0,64,16,64,256,1,false,3,156821.0,105.3837408,0.99716246994571,,1
460,local,225,0.1,64,16,64,256,1,false,3,145323.0,97.6667904,0.00013210121429919,0.0019392472993827001,0
461,local,225,0.1,64,16,64,256,1,false,3,145328.0,97.6699392,0.00013209676087733,0.0018755652006173,1
462,local,226,100.0,1024,16,64,256,1,false,3,154450.0,1289.9627616,0.98685532908822,,0
463,local,226,100.0,1024,16,64,256,1,false,3,156870.0,1310.1717984,0.98665273468573,,1
464,local,227,0.1,1024,16,64,256,1,false,3,145309.0,1212.91584,0.00013211430364413,0.0018704155092593001,0
465,local,227,0.1,1024,16,64,256,1,false,3,145316.0,1212.970192,0.00013141969740438,0.0018702033179012001,1
466,local,228,100.0,64,1,1024,256,1,false,3,886057.0,595.4306016,0.98393941319789,,0
467,local,228,100.0,64,1,1024,256,1,false,3,880626.0,591.7813152,0.98397970631478,,1
468,local,229,0.1,64,1,1024,256,1,false,3,145194.0,97.5798912,0.0010602082714133,0.0019789155092593,0
469,local,229,0.1,64,1,1024,256,1,false,3,145221.0,97.5976416,0.00092875423099148,0.001991199845679,1
470,local,230,100.0,1024,1,1024,256,1,false,3,901241.0,7527.1167552,0.92222319549012,0.069667733024691,0
471,local,230,100.0,1024,1,1024,256,1,false,3,902381.0,7536.6334848,0.92218259438362,0.06726399614197501,1
472,local,231,0.1,1024,1,1024,256,1,false,3,145168.0,1211.7260736,0.00098134278799078,0.0020025536265432,0
473,local,231,0.1,1024,1,1024,256,1,false,3,145201.0,1212.000304,0.0010189233537095,0.0019924548611111,1
474,local,232,100.0,64,4,1024,256,1,false,3,3602553.0,2420.9162304,0.93322660460786,0.0081692762345679,0
475,local,232,100.0,64,4,1024,256,1,false,3,3577283.0,2403.9351808,0.93348350984304,0.033138802854938004,1
476,local,233,0.1,64,4,1024,256,1,false,3,145311.0,97.6581888,0.00026419079528994,0.0019065011574074,0
477,local,233,0.1,64,4,1024,256,1,false,3,145335.0,97.67424,0.0002641469978043,0.0019003734567901,1
478,local,234,100.0,1024,4,1024,256,1,false,3,3386731.0,28285.781424,0.70587794987968,0.023890789351851998,0
479,local,234,100.0,1024,4,1024,256,1,false,3,3438484.0,28717.9938048,0.70069037210324,0.025404698688272002,1
480,local,235,0.1,1024,4,1024,256,1,false,3,145297.0,1212.8095488,0.00013212521341321,0.0019168109567901,0
481,local,235,0.1,1024,4,1024,256,1,false,3,145298.0,1212.810448,0.00013143633767443,0.0019210883487654,1
482,local,236,100.0,64,16,1024,256,1,false,3,3310217.0,2224.6244544,0.93862250590282,0.032774782021605005,0
483,local,236,100.0,64,16,1024,256,1,false,3,3304928.0,2221.067056,0.938553499403,0.035233229552469,1
484,local,237,0.1,64,16,1024,256,1,false,3,145290.0,97.6573248,0.00044924217042441,0.0018580810185185,0
485,local,237,0.1,64,16,1024,256,1,false,3,145341.0,97.681536,0.00017885740387102,0.0018569849537037,1
486,local,238,100.0,1024,16,1024,256,1,false,3,5778326.0,48260.193792,0.48223236177846,0.007754363040123499,0
487,local,238,100.0,1024,16,1024,256,1,false,3,5785851.0,48323.1306048,0.48235244784032,0.0078279513888889,1
488,local,239,0.1,1024,16,1024,256,1,false,3,145311.0,1212.9170688,0.00013211284914438,0.0018805709876543002,0
489,local,239,0.1,1024,16,1024,256,1,false,3,145296.0,1212.809296,0.00013143769440394,0.0018736327160494,1
490,local,240,100.0,64,1,64,256,4,false,3,156514.0,105.1779552,0.99717781639719,,0
491,local,240,100.0,64,1,64,256,4,false,3,156944.0,105.4664064,0.99715749143265,,1
492,local,241,0.1,64,1,64,256,4,false,3,145122.0,97.5314656,0.0015198519915978,0.0019192619598765,0
493,local,241,0.1,64,1,64,256,4,false,3,145107.0,97.5214944,0.0016079360623524,0.0021997357253086,1
494,local,242,100.0,1024,1,64,256,4,false,3,173600.0,1449.8970432,0.98522670584004,,0
495,local,242,100.0,1024,1,64,256,4,false,3,174283.0,1455.6026688,0.98517185157939,,1
496,local,243,0.1,1024,1,64,256,4,false,3,145092.0,1211.0938272,0.0016342084204051,0.0022086797839505996,0
497,local,243,0.1,1024,1,64,256,4,false,3,145130.0,1211.4070272,0.0015960121709687,0.0019645077160493998,1
498,local,244,100.0,64,4,64,256,4,false,3,170787.0,114.7694496,0.99691410638845,,0
499,local,244,100.0,64,4,64,256,4,false,3,169463.0,113.879664,0.99692526588254,,1
500,local,245,0.1,64,4,64,256,4,false,3,145268.0,97.629904,0.00015417313643218,0.001472975308642,0
501,local,245,0.1,64,4,64,256,4,false,3,145333.0,97.6728384,2.064182308581e-05,0.0014842484567901,1
502,local,246,100.0,1024,4,64,256,4,false,3,222566.0,1858.865472,0.98105930436492,0.29462133410494,0
503,local,246,100.0,1024,4,64,256,4,false,3,216951.0,1811.956704,0.98153866681235,,1
504,local,246,100.0,1024,4,64,256,4,false,3,799786.0,6807.7852416,0.93193584369965,,2
505,local,247,0.1,1024,4,64,256,4,false,3,145292.0,1212.7652832,0.00016859727753249,0.0019356890432099,0
506,local,247,0.1,1024,4,64,256,4,false,3,145280.0,1212.6623328,3.3726696745395e-05,0.001882087191358,1
507,local,248,100.0,64,16,64,256,4,false,3,173745.0,116.7567552,0.99686670829298,,0
508,local,248,100.0,64,16,64,256,4,false,3,174029.0,116.9475072,0.99684980681175,,1
509,local,249,0.1,64,16,64,256,4,false,3,145303.0,97.652688,0.00013212003104823,0.0019183738425926002,0
510,local,249,0.1,64,16,64,256,4,false,3,145360.0,97.6914432,0.00013206768468843,0.0018994710648148,1
511,local,250,100.0,1024,16,64,256,4,false,3,173483.0,1448.9172,0.98523831421531,,0
512,local,250,100.0,1024,16,64,256,4,false,3,174645.0,1458.6358752,0.98514111660108,,1
513,local,251,0.1,1024,16,64,256,4,false,3,145332.0,1213.1112768,0.00014791433902239,0.0019417943672839998,0
514,local,251,0.1,1024,16,64,256,4,false,3,145304.0,1212.863616,0.0002648902735044,0.0019266585648148,1
515,local,252,100.0,64,1,1024,256,4,false,3,4128295.0,2774.215248,0.92347397932994,0.01408286882716,0
516,local,252,100.0,64,1,1024,256,4,false,3,4145872.0,2786.0271648,0.92298601340554,0.0045906473765432,1
517,local,253,0.1,64,1,1024,256,4,false,3,145194.0,97.5796384,0.0010588380989075,0.0020066994598765,0
518,local,253,0.1,64,1,1024,256,4,false,3,145226.0,97.601472,0.00092734257190341,0.0020139155092593,1
519,local,254,100.0,1024,1,1024,256,4,false,3,4176052.0,34878.1144992,0.63305293781754,0.005333339120370401,0
520,local,254,100.0,1024,1,1024,256,4,false,3,4135168.0,34536.6695104,0.63609023232629,0.0051482762345679,1
521,local,255,0.1,1024,1,1024,256,4,false,3,145146.0,1211.5500672,0.0011265539149297,0.0020184394290123,0
522,local,255,0.1,1024,1,1024,256,4,false,3,145214.0,1212.108672,0.00093017111846194,0.0020337627314815,1
523,local,256,100.0,64,4,1024,256,4,false,3,5520443.0,3709.7437632,0.89705897045869,0.011772570601852,0
524,local,256,100.0,64,4,1024,256,4,false,3,5517855.0,3708.0080736,0.89688065961147,0.011552398533951,1
525,local,257,0.1,64,4,1024,256,4,false,3,145322.0,97.6658464,0.00013210257765151,0.0019435285493827,0
526,local,257,0.1,64,4,1024,256,4,false,3,145330.0,97.6710912,0.00013209539764503,0.0019366547067900999,1
527,local,258,100.0,1024,4,1024,256,4,false,3,5929301.0,49521.1423424,0.47325578614529,0.010505738425926,0
528,local,258,100.0,1024,4,1024,256,4,false,3,5885807.0,49157.886016,0.47704129414893,0.010495408179012,1
529,local,259,0.1,1024,4,1024,256,4,false,3,145278.0,1212.6491904,0.00013214267279205,0.0019563094135802,0
530,local,259,0.1,1024,4,1024,256,4,false,3,145343.0,1213.1843328,0.00026482030738417,0.001949075617284,1
531,local,260,100.0,64,16,1024,256,4,false,3,5932150.0,3986.895456,0.88923265214189,0.009931908564814799,0
532,local,260,100.0,64,16,1024,256,4,false,3,5897816.0,3963.79152,0.88962228925936,0.010615197530864,1
533,local,261,0.1,64,16,1024,256,4,false,3,145315.0,97.664944,0.00018576835511752,0.0019267052469136,0
534,local,261,0.1,64,16,1024,256,4,false,3,145313.0,97.6755936,0.00036940933030283,0.0019662341820988,1
535,local,262,100.0,1024,16,1024,256,4,false,3,6053570.0,50559.1273152,0.45568989717546,0.0075179170524691,0
536,local,262,100.0,1024,16,1024,256,4,false,3,6034507.0,50399.9124608,0.46044090022869,0.0074442739197531,1
537,local,263,0.1,1024,16,1024,256,4,false,3,145283.0,1212.7020288,0.00013282570514617,0.0019419648919752998,0
538,local,263,0.1,1024,16,1024,256,4,false,3,145313.0,1212.9467424,0.00015137420253319,0.0019423950617284,1
539,local,264,100.0,64,1,64,256,16,false,3,640277.0,430.266864,0.98835369996161,,0
540,local,264,100.0,64,1,64,256,16,false,3,637033.0,428.0867328,0.98837995453895,,1
541,local,265,0.1,64,1,64,256,16,false,3,145116.0,97.5273504,0.0014718197099985,0.0016575725308642,0
542,local,265,0.1,64,1,64,256,16,false,3,145146.0,97.5475008,0.0014735747189063,0.0016435952932099,1
543,local,266,100.0,1024,1,64,256,16,false,3,647522.0,5408.0663616,0.94489486244517,,0
544,local,266,100.0,1024,1,64,256,16,false,3,650437.0,5432.4033184,0.94465025148564,,1
545,local,267,0.1,1024,1,64,256,16,false,3,145099.0,1211.1522912,0.0016300081121974,0.0018970308641975,0
546,local,267,0.1,1024,1,64,256,16,false,3,145103.0,1211.1928224,0.0015076832667801,0.0018892272376543002,1
547,local,268,100.0,64,4,64,256,16,false,3,717502.0,482.1617376,0.9869346176841,0.089464797839506,0
548,local,268,100.0,64,4,64,256,16,false,3,720482.0,484.1643552,0.98687011740268,,1
549,local,268,100.0,64,4,64,256,16,false,3,766226.0,637.4998976,0.98601324178326,,2
550,local,269,0.1,64,4,64,256,16,false,3,145339.0,97.6774656,1.720076178735e-05,0.0015027611882716002,0
551,local,269,0.1,64,4,64,256,16,false,3,145359.0,97.6905792,0.00014719963021248,0.0015297013888889,1
552,local,270,100.0,1024,4,64,256,16,false,3,988509.0,8255.9712768,0.91588669147928,0.063702449074074,0
553,local,270,100.0,1024,4,64,256,16,false,3,1005574.0,8398.4906272,0.91444232683182,0.061075348765432,1
554,local,271,0.1,1024,4,64,256,16,false,3,145324.0,1213.042032,2.8211889178231e-05,0.0019325466820988,0
555,local,271,0.1,1024,4,64,256,16,false,3,145330.0,1213.087968,3.4403227848423e-05,0.0019157820216049,1
556,local,272,100.0,64,16,64,256,16,false,3,757220.0,508.8522336,0.98620257411815,0.018494732253086,0
557,local,272,100.0,64,16,64,256,16,false,3,757936.0,509.3337504,0.98614091565158,,1
558,local,272,100.0,64,16,64,256,16,false,3,719636.0,598.7379008,0.98690168493666,,2
559,local,273,0.1,64,16,64,256,16,false,3,145319.0,97.6635456,0.00015343163966819,0.0022658209876543,0
560,local,273,0.1,64,16,64,256,16,false,3,145359.0,97.6902336,0.00014444903012789,0.0022465736882716003,1
561,local,274,100.0,1024,16,64,256,16,false,3,699181.0,5839.52976,0.94050454569381,0.089464015432099,0
562,local,274,100.0,1024,16,64,256,16,false,3,703863.0,5878.6344832,0.94011681398215,0.08954696643518499,1
563,local,275,0.1,1024,16,64,256,16,false,3,145309.0,1212.9003648,0.00014587460426352,0.0020180185185185,0
564,local,275,0.1,1024,16,64,256,16,false,3,145321.0,1213.0047648,0.00014861376383624,0.0023070763888889,1
565,local,276,100.0,64,1,1024,256,16,false,3,4433460.0,2979.2863392,0.91806269269818,0.0018280933641975,0
566,local,276,100.0,64,1,1024,256,16,false,3,4407842.0,2962.0706592,0.91825482998487,0.0017816793981481,1
567,local,277,0.1,64,1,1024,256,16,false,3,145201.0,97.5847392,0.00092818950753659,0.0020119378858025,0
568,local,277,0.1,64,1,1024,256,16,false,3,145219.0,97.5965568,0.0010593395224442,0.0020082862654321,1
569,local,278,100.0,1024,1,1024,256,16,false,3,4359393.0,36409.374432,0.61657556430166,0.0022104760802469,0
570,local,278,100.0,1024,1,1024,256,16,false,3,4349309.0,36325.1621376,0.61701473905068,0.0024696041666667,1
571,local,279,0.1,1024,1,1024,256,16,false,3,145152.0,1211.6029056,0.0011258231205257,0.002009149691358,0
572,local,279,0.1,1024,1,1024,256,16,false,3,145168.0,1211.7244032,0.0009827191453371,0.0020236064814815,1
573,local,280,100.0,64,4,1024,256,16,false,3,6097334.0,4097.454768,0.8862006470858,0.010966729938272,0
574,local,280,100.0,64,4,1024,256,16,false,3,6091074.0,4093.2370752,0.88623898220426,0.010589334490740999,1
575,local,281,0.1,64,4,1024,256,16,false,3,145311.0,97.6581888,0.00013211284914438,0.0020295810185185,0
576,local,281,0.1,64,4,1024,256,16,false,3,145355.0,97.6882944,0.00013207213614985,0.0019476130401235,1
577,local,282,100.0,1024,4,1024,256,16,false,3,6007317.0,50172.709488,0.46316231872298,0.01034880787037,0
578,local,282,100.0,1024,4,1024,256,16,false,3,5976902.0,49918.6782304,0.4636632659144,0.010325157793210001,1
579,local,283,0.1,1024,4,1024,256,16,false,3,145271.0,1212.5863296,0.00044861346101843,0.001970137345679,0
580,local,283,0.1,1024,4,1024,256,16,false,3,145322.0,1213.0228224,0.00013210257765151,0.0019563368055556,1
581,local,284,100.0,64,16,1024,256,16,false,3,6072587.0,4083.2122464,0.88590594529259,0.0092682110339506,0
582,local,284,100.0,64,16,1024,256,16,false,3,6059864.0,4075.0278528,0.88603813645961,0.0097724452160494,1
583,local,285,0.1,64,16,1024,256,16,false,3,145320.0,97.6661568,0.00015480611050678,0.0019496975308642,0
584,local,285,0.1,64,16,1024,256,16,false,3,145313.0,97.6648032,0.00024561487999619,0.0019514027777778001,1
585,local,286,100.0,1024,16,1024,256,16,false,3,6029855.0,50360.9916768,0.46036508368408,0.0073353927469136,0
586,local,286,100.0,1024,16,1024,256,16,false,3,6045376.0,50490.6026944,0.4606794384578,0.0073669490740741,1
587,local,287,0.1,1024,16,1024,256,16,false,3,145276.0,1212.6341568,0.0002766371655839,0.002082087962963,0
588,local,287,0.1,1024,16,1024,256,16,false,3,145319.0,1212.9907872,0.00015962306938655,0.002787268904321,1
589,local,288,100.0,64,1,64,256,1,true,5,803.0,0.5400448,0.99998558759635,,0
590,local,288,100.0,64,1,64,256,1,true,5,806.0,0.5419008,0.99998545286275,,1
591,local,289,0.1,64,1,64,256,1,true,5,876.0,0.5892096,0.99396758125327,5.6952834934414005,0
592,local,289,0.1,64,1,64,256,1,true,5,875.0,0.588576,0.99397680688915,,1
593,local,289,0.1,64,1,64,256,1,true,5,17655.0,14.689376,0.87854082508723,,2
594,local,290,100.0,1024,1,64,256,1,true,5,863.0,7.207776,0.99992656412937,,0
595,local,290,100.0,1024,1,64,256,1,true,5,884.0,7.3832448,0.99992477511793,,1
596,local,291,0.1,1024,1,64,256,1,true,5,839.0,7.0125696,0.99422046460611,8.9095428148148,0
597,local,291,0.1,1024,1,64,256,1,true,5,846.0,7.0710336,0.99417383958349,8.7643270775463,1
598,local,292,100.0,64,4,64,256,1,true,5,4211.0,2.8305472,0.99992431955381,,0
599,local,292,100.0,64,4,64,256,1,true,5,4249.0,2.8559328,0.999923293208,,1
600,local,293,0.1,64,4,64,256,1,true,5,3103.0,2.0855136,0.97864808350862,5.997174100694401,0
601,local,293,0.1,64,4,64,256,1,true,5,3119.0,2.0964768,0.97853310835361,6.030600837577199,1
602,local,294,100.0,1024,4,64,256,1,true,5,4042.0,33.7663008,0.99965597566375,,0
603,local,294,100.0,1024,4,64,256,1,true,5,4060.0,33.9125376,0.99965457940136,,1
604,local,295,0.1,1024,4,64,256,1,true,5,2838.0,23.7044256,0.98046739543255,7.8353052345679,0
605,local,295,0.1,1024,4,64,256,1,true,5,2842.0,23.7215232,0.980445251658,4.6119856593364,1
606,local,296,100.0,64,16,64,256,1,true,5,10231.0,6.8758528,0.99981590213088,,0
607,local,296,100.0,64,16,64,256,1,true,5,10189.0,6.8472192,0.99981609349238,,1
608,local,297,0.1,64,16,64,256,1,true,5,4598.0,3.0903168,0.96836143265245,6.9520180146605,0
609,local,297,0.1,64,16,64,256,1,true,5,4542.0,3.0525408,0.96874810790579,7.1044911820988,1
610,local,298,100.0,1024,16,64,256,1,true,5,9980.0,83.3597184,0.99915047042289,,0
611,local,298,100.0,1024,16,64,256,1,true,5,10288.0,85.9287168,0.99912452609627,,1
612,local,299,0.1,1024,16,64,256,1,true,5,4480.0,37.3970976,0.96916409001102,4.98464234375,0
613,local,299,0.1,1024,16,64,256,1,true,5,4518.0,37.7249376,0.9689077457462,7.1153151975309,1
614,local,300,100.0,64,1,1024,256,1,true,5,21196.0,14.2444,0.99961981208791,,0
615,local,300,100.0,64,1,1024,256,1,true,5,21590.0,14.50848,0.99961022471877,,1
616,local,301,0.1,64,1,1024,256,1,true,5,6455.0,4.3385568,0.95558636252619,4.75453075,0
617,local,301,0.1,64,1,1024,256,1,true,5,6096.0,4.0975584,0.95805354813498,4.9338276033951,1
618,local,302,100.0,1024,1,1024,256,1,true,5,20680.0,172.7236128,0.9982393774156,2.1312676689814998,0
619,local,302,100.0,1024,1,1024,256,1,true,5,20401.0,170.3919648,0.99824226435246,,1
620,local,302,100.0,1024,1,1024,256,1,true,5,808973.0,6885.9858368,0.93115568476616,,2
621,local,303,0.1,1024,1,1024,256,1,true,5,6069.0,50.665536,0.9582394943325,6.4139462021605,0
622,local,303,0.1,1024,1,1024,256,1,true,5,6241.0,52.1063328,0.95705943542129,6.426736416666699,1
623,local,304,100.0,64,4,1024,256,1,true,5,74984.0,50.3896672,0.9986501990457,,0
624,local,304,100.0,64,4,1024,256,1,true,5,74289.0,49.9227648,0.998661135654,,1
625,local,305,0.1,64,4,1024,256,1,true,5,6679.0,4.4892576,0.95403375367729,4.9855544467593,0
626,local,305,0.1,64,4,1024,256,1,true,5,6590.0,4.4297056,0.95466950584067,4.7598104976852,1
627,local,306,100.0,1024,4,1024,256,1,true,5,73526.0,614.0887008,0.99373210305476,,0
628,local,306,100.0,1024,4,1024,256,1,true,5,74714.0,624.0142176,0.99363155113685,,1
629,local,307,0.1,1024,4,1024,256,1,true,5,7061.0,58.9417728,0.95141893156325,5.2650293310185,0
630,local,307,0.1,1024,4,1024,256,1,true,5,6667.0,55.6586688,0.95413141948231,6.164514818287,1
631,local,308,100.0,64,16,1024,256,1,true,5,119507.0,91.6358656,0.99784955297554,,0
632,local,308,100.0,64,16,1024,256,1,true,5,117662.0,88.6951008,0.997874878254,,1
633,local,309,0.1,64,16,1024,256,1,true,5,4725.0,3.185184,0.96747736408299,4.8035696751543,0
634,local,309,0.1,64,16,1024,256,1,true,5,4762.0,3.30424,0.96709468974085,5.9038184911265,1
635,local,310,100.0,1024,16,1024,256,1,true,5,135038.0,1127.8331328,0.98847917438929,,0
636,local,310,100.0,1024,16,1024,256,1,true,5,137605.0,1149.2696064,0.98825988327463,,1
637,local,311,0.1,1024,16,1024,256,1,true,5,4881.0,40.739392,0.9664087470197,5.8728585,0
638,local,311,0.1,1024,16,1024,256,1,true,5,5010.0,41.826912,0.9655242412732,6.7192340698301996,1
639,local,312,100.0,64,1,64,256,4,true,5,3225.0,2.1676032,0.99994198233414,,0
640,local,312,100.0,64,1,64,256,4,true,5,3231.0,2.1716448,0.99994179480925,,1
641,local,313,0.1,64,1,64,256,4,true,5,3354.0,2.2546176,0.97691917134947,6.8258850609568,0
642,local,313,0.1,64,1,64,256,4,true,5,3351.0,2.2525696,0.9769472372179,4.2036879517746994,1
643,local,314,100.0,1024,1,64,256,4,true,5,3562.0,29.7531648,0.99969682640805,,0
644,local,314,100.0,1024,1,64,256,4,true,5,3540.0,29.5727616,0.99969874821238,,1
645,local,315,0.1,1024,1,64,256,4,true,5,3378.0,28.2046464,0.97675213839871,5.378935931713,0
646,local,315,0.1,1024,1,64,256,4,true,5,3423.0,28.5807072,0.97644409946436,6.9721898954475,1
647,local,316,100.0,64,4,64,256,4,true,5,10506.0,7.0605792,0.99981158579646,,0
648,local,316,100.0,64,4,64,256,4,true,5,9942.0,6.6812352,0.99982086118113,,1
649,local,317,0.1,64,4,64,256,4,true,5,10140.0,6.8149344,0.93023295814184,3.9267177160494002,0
650,local,317,0.1,64,4,64,256,4,true,5,10106.0,6.7926016,0.93048080891457,4.3385516392747,1
651,local,318,100.0,1024,4,64,256,4,true,5,10503.0,87.7227264,0.99910607855603,,0
652,local,318,100.0,1024,4,64,256,4,true,5,10652.0,88.965504,0.99909354324779,,1
653,local,319,0.1,1024,4,64,256,4,true,5,9138.0,76.2867552,0.93711909622807,4.379372813271599,0
654,local,319,0.1,1024,4,64,256,4,true,5,9035.0,75.427488,0.93783984215914,3.6033766057099,1
655,local,320,100.0,64,16,64,256,4,true,5,12457.0,8.3714496,0.99977648832268,,0
656,local,320,100.0,64,16,64,256,4,true,5,11885.0,7.9872672,0.99978572743686,,1
657,local,321,0.1,64,16,64,256,4,true,5,9464.0,6.3602112,0.93488948390967,1.967536474537,0
658,local,321,0.1,64,16,64,256,4,true,5,9655.0,6.4894144,0.9335857752098,4.1428426450617,1
659,local,322,100.0,1024,16,64,256,4,true,5,12390.0,103.4838624,0.99894541450175,,0
660,local,322,100.0,1024,16,64,256,4,true,5,12480.0,104.23896,0.99893782940871,,1
661,local,323,0.1,1024,16,64,256,4,true,5,9140.0,76.3070848,0.93711310133976,1.5322901284722,0
662,local,323,0.1,1024,16,64,256,4,true,5,9352.0,78.0827328,0.93564988606215,1.7419716701388999,1
663,local,324,100.0,64,1,1024,256,4,true,5,83888.0,56.3727648,0.99849403979555,,0
664,local,324,100.0,64,1,1024,256,4,true,5,82534.0,55.463136,0.99851307670582,,1
665,local,325,0.1,64,1,1024,256,4,true,5,26419.0,17.7554016,0.8182207247034,1.6270818553241,0
666,local,325,0.1,64,1,1024,256,4,true,5,25638.0,17.2307872,0.82362940195587,1.9628132858796001,1
667,local,326,100.0,1024,1,1024,256,4,true,5,82140.0,686.0361696,0.99299899015636,0.65515651774691,0
668,local,326,100.0,1024,1,1024,256,4,true,5,81716.0,682.4822496,0.99303532339431,,1
669,local,326,100.0,1024,1,1024,256,4,true,5,805740.0,6858.4572576,0.93143124362721,,2
670,local,327,0.1,1024,1,1024,256,4,true,5,26214.0,218.8117504,0.81958945581251,1.6389382835647999,0
671,local,327,0.1,1024,1,1024,256,4,true,5,27353.0,228.3253824,0.81177334382948,1.8335966975309,1
672,local,328,100.0,64,4,1024,256,4,true,5,217253.0,146.6787648,0.99609543546691,,0
673,local,328,100.0,64,4,1024,256,4,true,5,218431.0,147.5795424,0.99605531528574,,1
674,local,329,0.1,64,4,1024,256,4,true,5,17785.0,11.952768,0.87761613884571,2.2598229656636,0
675,local,329,0.1,64,4,1024,256,4,true,5,17091.0,11.4865344,0.8824156273735,2.5564388337191,1
676,local,330,100.0,1024,4,1024,256,4,true,5,209514.0,1749.8523648,0.98210883811,0.21758800154321,0
677,local,330,100.0,1024,4,1024,256,4,true,5,208931.0,1744.9768512,0.98215594702737,,1
678,local,330,100.0,1024,4,1024,256,4,true,5,799145.0,6802.3281984,0.93199317135092,,2
679,local,331,0.1,1024,4,1024,256,4,true,5,17305.0,144.4747648,0.88093563887757,2.1285247843364004,0
680,local,331,0.1,1024,4,1024,256,4,true,5,17668.0,147.4755456,0.87842454560155,2.5421500814043,1
681,local,332,100.0,64,16,1024,256,4,true,5,261449.0,177.5239008,0.99528988934217,,0
682,local,332,100.0,64,16,1024,256,4,true,5,257818.0,174.8620416,0.99533253534498,,1
683,local,333,0.1,64,16,1024,256,4,true,5,9694.0,6.5355264,0.93330769611782,2.2375878221451004,0
684,local,333,0.1,64,16,1024,256,4,true,5,9596.0,6.4618944,0.93397780248449,2.2448709737653996,1
685,local,334,100.0,1024,16,1024,256,4,true,5,254821.0,2128.2562752,0.97820775554408,0.35026310725309,0
686,local,334,100.0,1024,16,1024,256,4,true,5,261985.0,2188.0925088,0.97759703016977,,1
687,local,334,100.0,1024,16,1024,256,4,true,5,802971.0,6834.8936928,0.93166636018981,,2
688,local,335,0.1,1024,16,1024,256,4,true,5,9914.0,82.7515072,0.93178254356952,3.2871575104167,0
689,local,335,0.1,1024,16,1024,256,4,true,5,9880.0,82.4637696,0.93202269762732,4.7335386442901,1
690,local,336,100.0,64,1,64,256,16,true,5,13110.0,8.8101984,0.9997642923601,,0
691,local,336,100.0,64,1,64,256,16,true,5,13107.0,8.8083328,0.99976384688841,,1
692,local,337,0.1,64,1,64,256,16,true,5,13443.0,9.0346944,0.9075112057489,2.5628862326389004,0
693,local,337,0.1,64,1,64,256,16,true,5,13451.0,9.0402624,0.90746519178911,2.761284025463,1
694,local,338,100.0,1024,1,64,256,16,true,5,14035.0,117.221232,0.99880572886635,,0
695,local,338,100.0,1024,1,64,256,16,true,5,13926.0,116.3100288,0.99881506046484,,1
696,local,339,0.1,1024,1,64,256,16,true,5,13835.0,115.4884768,0.90479771828844,2.7905185065586,0
697,local,339,0.1,1024,1,64,256,16,true,5,13853.0,115.6359456,0.90469415610862,2.7678963414352,1
698,local,340,100.0,64,4,64,256,16,true,5,19741.0,13.2660864,0.99964458542059,,0
699,local,340,100.0,64,4,64,256,16,true,5,19480.0,13.0909792,0.99964881558516,,1
700,local,341,0.1,64,4,64,256,16,true,5,22753.0,15.2911872,0.84343509060445,1.1903509320988002,0
701,local,341,0.1,64,4,64,256,16,true,5,22491.0,15.1166592,0.84527750261406,2.052113288966,1
702,local,342,100.0,1024,4,64,256,16,true,5,21580.0,180.2369952,0.99816305379128,,0
703,local,342,100.0,1024,4,64,256,16,true,5,20687.0,172.782912,0.99823940227862,,1
704,local,343,0.1,1024,4,64,256,16,true,5,18946.0,158.1262528,0.86961285132381,1.8685111134259,0
705,local,343,0.1,1024,4,64,256,16,true,5,18928.0,157.9885248,0.86978194946643,1.9006573491512,1
706,local,344,100.0,64,16,64,256,16,true,5,22462.0,15.1005984,0.99959663918698,,0
707,local,344,100.0,64,16,64,256,16,true,5,22926.0,15.433936,0.99958635338077,,1
708,local,345,0.1,64,16,64,256,16,true,5,24614.0,16.5412512,0.83064153789098,0.7001794197530901,0
709,local,345,0.1,64,16,64,256,16,true,5,24497.0,16.4638368,0.83151139246078,1.4195693452932001,1
710,local,346,100.0,1024,16,64,256,16,true,5,24188.0,202.0191648,0.99794114186764,,0
711,local,346,100.0,1024,16,64,256,16,true,5,24026.0,200.6687232,0.99795515864884,,1
712,local,347,0.1,1024,16,64,256,16,true,5,23587.0,196.9552512,0.83767379092168,0.6665539949845699,0
713,local,347,0.1,1024,16,64,256,16,true,5,24132.0,201.5151264,0.83398275188359,0.86569541820988,1
714,local,348,100.0,64,1,1024,256,16,true,5,272112.0,182.85936,0.99510295684283,,0
715,local,348,100.0,64,1,1024,256,16,true,5,270716.0,181.9214752,0.99510570352018,,1
716,local,349,0.1,64,1,1024,256,16,true,5,106966.0,71.888016,0.26403857374035,0.48346852083333,0
717,local,349,0.1,64,1,1024,256,16,true,5,108415.0,72.8617728,0.25417301860729,0.45740091589506,1
718,local,350,100.0,1024,1,1024,256,16,true,5,273110.0,2281.0077504,0.97663409848886,,0
719,local,350,100.0,1024,1,1024,256,16,true,5,272546.0,2276.2915296,0.97668173714527,,1
720,local,351,0.1,1024,1,1024,256,16,true,5,108787.0,908.0623968,0.25131396300326,0.48957301736111003,0
721,local,351,0.1,1024,1,1024,256,16,true,5,108309.0,904.0923648,0.25482359578391,0.49718948186727996,1
722,local,352,100.0,64,4,1024,256,16,true,5,269396.0,181.0449696,0.99514216453063,,0
723,local,352,100.0,64,4,1024,256,16,true,5,271215.0,182.2598464,0.99510249898917,,1
724,local,353,0.1,64,4,1024,256,16,true,5,54916.0,36.9082656,0.62212377932644,1.002042849537,0
725,local,353,0.1,64,4,1024,256,16,true,5,53413.0,35.8970688,0.63258176085054,0.7474688306327201,1
726,local,354,100.0,1024,4,1024,256,16,true,5,265603.0,2218.3031424,0.9772832284626,0.25030070717593,0
727,local,354,100.0,1024,4,1024,256,16,true,5,267892.0,2237.4174528,0.97708705873695,,1
728,local,354,100.0,1024,4,1024,256,16,true,5,805404.0,6855.5996992,0.93147203105256,,2
729,local,355,0.1,1024,4,1024,256,16,true,5,57915.0,483.4199424,0.60146941539232,0.67004817746914,0
730,local,355,0.1,1024,4,1024,256,16,true,5,54613.0,455.9184576,0.62428081694654,0.80426113233025,1
731,local,356,100.0,64,16,1024,256,16,true,5,269106.0,180.940128,0.99515716940688,,0
732,local,356,100.0,64,16,1024,256,16,true,5,271179.0,182.3539264,0.99509606236521,,1
733,local,357,0.1,64,16,1024,256,16,true,5,27370.0,18.4073952,0.81168020718088,0.81134105285494,0
734,local,357,0.1,64,16,1024,256,16,true,5,27657.0,18.588048,0.80973241901575,1.3105193545525,1
735,local,358,100.0,1024,16,1024,256,16,true,5,270465.0,2258.9206336,0.97686107971989,0.20872770447531,0
736,local,358,100.0,1024,16,1024,256,16,true,5,270594.0,2259.9982848,0.97685442613126,,1
737,local,358,100.0,1024,16,1024,256,16,true,5,801537.0,6822.6770976,0.93178779991377,,2
738,local,359,0.1,1024,16,1024,256,16,true,5,27905.0,232.6661472,0.80800197603439,1.9381981423611,0
739,local,359,0.1,1024,16,1024,256,16,true,5,28561.0,238.4983968,0.80353349695682,0.73117567091049,1
740,local,360,100.0,64,1,64,256,1,false,5,803.0,0.53976,0.9999855938469,,0
741,local,360,100.0,64,1,64,256,1,false,5,803.0,0.5400448,0.99998550510006,,1
742,local,361,0.1,64,1,64,256,1,false,5,854.0,0.5739936,0.9941237305641,5.837764657793199,0
743,local,361,0.1,64,1,64,256,1,false,5,876.0,0.5893152,0.99396738203094,5.5534921045525,1
744,local,362,100.0,1024,1,64,256,1,false,5,875.0,7.3124608,0.99992547784291,,0
745,local,362,100.0,1024,1,64,256,1,false,5,862.0,7.2061056,0.99992658592088,,1
746,local,363,0.1,1024,1,64,256,1,false,5,857.0,7.1626752,0.99409837464448,8.8620294293981,0
747,local,363,0.1,1024,1,64,256,1,false,5,843.0,7.0418016,0.99419689546981,,1
748,local,363,0.1,1024,1,64,256,1,false,5,17653.0,150.2691456,0.87851976020214,,2
749,local,364,100.0,64,4,64,256,1,false,5,3958.0,2.6600544,0.99992898251103,,0
750,local,364,100.0,64,4,64,256,1,false,5,3902.0,2.6224896,0.99992963132862,,1
751,local,365,0.1,64,4,64,256,1,false,5,3167.0,2.1283968,0.97820815580584,5.9390829567901,0
752,local,365,0.1,64,4,64,256,1,false,5,3100.0,2.0834976,0.9786763856257,7.5753150081019,1
753,local,366,100.0,1024,4,64,256,1,false,5,4640.0,38.7552352,0.99960510799947,,0
754,local,366,100.0,1024,4,64,256,1,false,5,4600.0,38.4217824,0.99960857564776,,1
755,local,367,0.1,1024,4,64,256,1,false,5,2789.0,23.2925952,0.98080390321781,7.9126162619599,0
756,local,367,0.1,1024,4,64,256,1,false,5,2751.0,22.97112,0.98107232297658,8.015883123071,1
757,local,368,100.0,64,16,64,256,1,false,5,7948.0,5.3412576,0.99985715886006,,0
758,local,368,100.0,64,16,64,256,1,false,5,7944.0,5.3388544,0.99985696748395,,1
759,local,369,0.1,64,16,64,256,1,false,5,4128.0,2.7744576,0.97159603804533,6.1049232102623,0
760,local,369,0.1,64,16,64,256,1,false,5,4112.0,2.7637632,0.97170334509465,7.2667704448301995,1
761,local,370,100.0,1024,16,64,256,1,false,5,8558.0,71.4767776,0.999271642516,,0
762,local,370,100.0,1024,16,64,256,1,false,5,8595.0,71.7855168,0.99926860552505,,1
763,local,371,0.1,1024,16,64,256,1,false,5,4202.0,35.0863872,0.97108790652364,7.275247810571,0
764,local,371,0.1,1024,16,64,256,1,false,5,4091.0,34.1515008,0.97185253679425,6.2123915439815,1
765,local,372,100.0,64,1,1024,256,1,false,5,21378.0,14.3665536,0.99961602719804,2.1331724236111,0
766,local,372,100.0,64,1,1024,256,1,false,5,21484.0,14.437536,0.99961239491719,,1
767,local,372,100.0,64,1,1024,256,1,false,5,811248.0,674.958336,0.98517540271024,,2
768,local,373,0.1,64,1,1024,256,1,false,5,6141.0,4.127664,0.9577397142922,4.8434829182099,0
769,local,373,0.1,64,1,1024,256,1,false,5,5872.0,3.9469536,0.95960424152713,4.8552264571759,1
770,local,374,100.0,1024,1,1024,256,1,false,5,20515.0,171.3424768,0.99825341094744,,0
771,local,374,100.0,1024,1,1024,256,1,false,5,20505.0,171.2620128,0.99825465485803,,1
772,local,375,0.1,1024,1,1024,256,1,false,5,6171.0,51.5241984,0.95752770343782,6.3364807411265005,0
773,local,375,0.1,1024,1,1024,256,1,false,5,6244.0,52.1150784,0.95704646185871,4.785600935571,1
774,local,376,100.0,64,4,1024,256,1,false,5,74240.0,49.8894336,0.99866744632334,,0
775,local,376,100.0,64,4,1024,256,1,false,5,74710.0,50.2075584,0.99865051059122,,1
776,local,377,0.1,64,4,1024,256,1,false,5,6108.0,4.1052,0.95797323711962,4.7619058128858,0
777,local,377,0.1,64,4,1024,256,1,false,5,6480.0,4.3554432,0.95541969105807,6.1282332322531,1
778,local,378,100.0,1024,4,1024,256,1,false,5,73312.0,612.297712,0.99375123547947,,0
779,local,378,100.0,1024,4,1024,256,1,false,5,72971.0,609.4507584,0.99378100092758,,1
780,local,379,0.1,1024,4,1024,256,1,false,5,6739.0,56.2520544,0.9536310754423,4.614564040895099,0
781,local,379,0.1,1024,4,1024,256,1,false,5,6425.0,53.6346816,0.95579060205418,5.474531455632699,1
782,local,380,100.0,64,16,1024,256,1,false,5,76997.0,52.041744,0.99861822728616,,0
783,local,380,100.0,64,16,1024,256,1,false,5,77798.0,52.4826528,0.99859458288308,,1
784,local,381,0.1,64,16,1024,256,1,false,5,4271.0,2.8716576,0.97061421856251,5.9591303777006,0
785,local,381,0.1,64,16,1024,256,1,false,5,4234.0,2.851152,0.97086608485065,4.9046520358796,1
786,local,382,100.0,1024,16,1024,256,1,false,5,74705.0,623.938576,0.99363186475729,,0
787,local,382,100.0,1024,16,1024,256,1,false,5,79750.0,666.070944,0.99320220283794,,1
788,local,383,0.1,1024,16,1024,256,1,false,5,4353.0,36.3379872,0.97003606903287,4.901479918595699,0
789,local,383,0.1,1024,16,1024,256,1,false,5,4369.0,36.4787424,0.96993372662007,7.183267831404301,1
790,local,384,100.0,64,1,64,256,4,false,5,3225.0,2.1676128,0.9999419942938,,0
791,local,384,100.0,64,1,64,256,4,false,5,3225.0,2.1676032,0.99994180252981,,1
792,local,385,0.1,64,1,64,256,4,false,5,3385.0,2.2753248,0.97670294674419,5.254128880015401,0
793,local,385,0.1,64,1,64,256,4,false,5,3420.0,2.2987104,0.97647075009631,5.4060124220679,1
794,local,386,100.0,1024,1,64,256,4,false,5,3549.0,29.6408512,0.99969795348422,6.8193128449074,0
795,local,386,100.0,1024,1,64,256,4,false,5,3565.0,29.7798912,0.99969661567278,,1
796,local,386,100.0,1024,1,64,256,4,false,5,873401.0,7434.3895968,0.92567630562246,,2
797,local,387,0.1,1024,1,64,256,4,false,5,3403.0,28.402368,0.97658127809672,4.3376570088735,0
798,local,387,0.1,1024,1,64,256,4,false,5,3435.0,28.6674112,0.97636455460695,4.3218031099536995,1
799,local,388,100.0,64,4,64,256,4,false,5,8489.0,5.7048096,0.99984769348957,,0
800,local,388,100.0,64,4,64,256,4,false,5,8454.0,5.6817024,0.99984776424402,,1
801,local,389,0.1,64,4,64,256,4,false,5,8643.0,5.808864,0.94053106064203,2.6740337434414,0
802,local,389,0.1,64,4,64,256,4,false,5,8636.0,5.8041408,0.94058587192823,3.1715322727623,1
803,local,390,100.0,1024,4,64,256,4,false,5,9480.0,79.1814208,0.9991931231,,0
804,local,390,100.0,1024,4,64,256,4,false,5,9399.0,78.50136,0.99920016535181,,1
805,local,391,0.1,1024,4,64,256,4,false,5,8073.0,67.4001408,0.94444023882996,3.7232387743056004,0
806,local,391,0.1,1024,4,64,256,4,false,5,8092.0,67.5569376,0.94431412755153,3.2731127878086,1
807,local,392,100.0,64,16,64,256,4,false,5,9997.0,6.7182624,0.99982036970464,,0
808,local,392,100.0,64,16,64,256,4,false,5,10006.0,6.724512,0.99981984330885,,1
809,local,393,0.1,64,16,64,256,4,false,5,9035.0,6.0722688,0.93783399418342,1.6288436365741,0
810,local,393,0.1,64,16,64,256,4,false,5,9094.0,6.1121088,0.93743326985944,1.8930209571759,1
811,local,394,100.0,1024,16,64,256,4,false,5,10158.0,84.8399008,0.9991355741502,,0
812,local,394,100.0,1024,16,64,256,4,false,5,10694.0,89.3187936,0.9990899053489,,1
813,local,395,0.1,1024,16,64,256,4,false,5,8972.0,74.9073024,0.93825757914605,1.8971673055556,0
814,local,395,0.1,1024,16,64,256,4,false,5,9006.0,75.1942816,0.93803357056755,2.1808712125772,1
815,local,396,100.0,64,1,1024,256,4,false,5,83366.0,56.0222304,0.99850321565336,,0
816,local,396,100.0,64,1,1024,256,4,false,5,82322.0,55.32096,0.99851453929214,,1
817,local,397,0.1,64,1,1024,256,4,false,5,26009.0,17.4800832,0.82103900804133,1.6615405547839999,0
818,local,397,0.1,64,1,1024,256,4,false,5,25824.0,17.3552832,0.82235527843664,1.6171565281636,1
819,local,398,100.0,1024,1,1024,256,4,false,5,80936.0,675.9760192,0.99310178935528,,0
820,local,398,100.0,1024,1,1024,256,4,false,5,81207.0,678.2436,0.99307856695356,,1
821,local,399,0.1,1024,1,1024,256,4,false,5,25735.0,214.828608,0.82291413649672,1.8046300408951,0
822,local,399,0.1,1024,1,1024,256,4,false,5,26291.0,219.4554592,0.81910087465804,1.6311792665895,1
823,local,400,100.0,64,4,1024,256,4,false,5,197823.0,133.530144,0.99644664906916,,0
824,local,400,100.0,64,4,1024,256,4,false,5,189840.0,128.2209792,0.99657873053262,,1
825,local,401,0.1,64,4,1024,256,4,false,5,12446.0,8.3646432,0.91437191046409,2.6669196747685002,0
826,local,401,0.1,64,4,1024,256,4,false,5,12506.0,8.4054624,0.91395435556754,2.8304999205247,1
827,local,402,100.0,1024,4,1024,256,4,false,5,206663.0,1726.0369216,0.98235461617591,,0
828,local,402,100.0,1024,4,1024,256,4,false,5,190023.0,1587.0651264,0.98377593264174,,1
829,local,403,0.1,1024,4,1024,256,4,false,5,12696.0,105.9878496,0.91263804052469,3.0264568206019002,0
830,local,403,0.1,1024,4,1024,256,4,false,5,12832.0,107.1319744,0.91171760199449,3.110919496142,1
831,local,404,100.0,64,16,1024,256,4,false,5,223785.0,153.2000256,0.99596965114669,,0
832,local,404,100.0,64,16,1024,256,4,false,5,231391.0,158.881824,0.99582545775505,,1
833,local,405,0.1,64,16,1024,256,4,false,5,9345.0,6.2829024,0.93570600518062,1.9268569324846,0
834,local,405,0.1,64,16,1024,256,4,false,5,9664.0,6.5017152,0.93351975675527,2.6072020324074003,1
835,local,406,100.0,1024,16,1024,256,4,false,5,219405.0,1832.455392,0.98125564720562,0.19394963348764999,0
836,local,406,100.0,1024,16,1024,256,4,false,5,207061.0,1729.3586112,0.98231308002782,0.21564470100309002,1
837,local,407,0.1,1024,16,1024,256,4,false,5,9389.0,78.3849312,0.93538993589086,1.5538475949074,0
838,local,407,0.1,1024,16,1024,256,4,false,5,9547.0,79.690192,0.93430702637393,2.6678572048611,1
839,local,408,100.0,64,1,64,256,16,false,5,13078.0,8.788416,0.99976476103505,,0
840,local,408,100.0,64,1,64,256,16,false,5,13084.0,8.7929184,0.99976398176995,,1
841,local,409,0.1,64,1,64,256,16,false,5,13455.0,9.0430464,0.90741774101105,2.5636181886574003,0
842,local,409,0.1,64,1,64,256,16,false,5,13469.0,9.0522912,0.90732861821284,3.1311277820215997,1
843,local,410,100.0,1024,1,64,256,16,false,5,13916.0,116.2331136,0.9988156707739,,0
844,local,410,100.0,1024,1,64,256,16,false,5,13922.0,116.2775328,0.99881545936014,,1
845,local,411,0.1,1024,1,64,256,16,false,5,13878.0,115.8438336,0.90451513116613,2.7270632727623,0
846,local,411,0.1,1024,1,64,256,16,false,5,13844.0,115.5557536,0.90475590962877,2.4296363603395,1
847,local,412,100.0,64,4,64,256,16,false,5,19253.0,12.9382176,0.99965426955347,,0
848,local,412,100.0,64,4,64,256,16,false,5,19352.0,13.004688,0.99965114510679,,1
849,local,413,0.1,64,4,64,256,16,false,5,22166.0,14.8968384,0.84747106291532,1.4558651234567999,0
850,local,413,0.1,64,4,64,256,16,false,5,22370.0,15.0337248,0.8461239510249,1.2743879556326998,1
851,local,414,100.0,1024,4,64,256,16,false,5,25364.0,211.844304,0.99784112900293,,0
852,local,414,100.0,1024,4,64,256,16,false,5,23602.0,197.1256512,0.9979918378546,,1
853,local,415,0.1,1024,4,64,256,16,false,5,18932.0,158.0789664,0.86970850815939,0.72250778973765,0
854,local,415,0.1,1024,4,64,256,16,false,5,18748.0,156.5399776,0.8710088890112,1.4602018676698,1
855,local,416,100.0,64,16,64,256,16,false,5,23277.0,15.6425568,0.99958199545142,,0
856,local,416,100.0,64,16,64,256,16,false,5,22622.0,15.2019936,0.99959230073913,,1
857,local,417,0.1,64,16,64,256,16,false,5,24556.0,16.5029536,0.83103429294875,0.75818061959877,0
858,local,417,0.1,64,16,64,256,16,false,5,25191.0,16.9295232,0.82671783344155,0.75811953665123,1
859,local,418,100.0,1024,16,64,256,16,false,5,23901.0,199.6269984,0.99796544135078,,0
860,local,418,100.0,1024,16,64,256,16,false,5,24030.0,200.7010656,0.99795510793789,,1
861,local,419,0.1,1024,16,64,256,16,false,5,24257.0,202.4745696,0.83306138656379,2.5819411929012,0
862,local,419,0.1,1024,16,64,256,16,false,5,24201.0,202.0804,0.83347920141354,0.78330230169753,1
863,local,420,100.0,64,1,1024,256,16,false,5,272114.0,182.861184,0.99510138131013,,0
864,local,420,100.0,64,1,1024,256,16,false,5,271862.0,182.6915712,0.99508411263802,,1
865,local,421,0.1,64,1,1024,256,16,false,5,109128.0,73.340896,0.24919916779499,0.48934463040123,0
866,local,421,0.1,64,1,1024,256,16,false,5,108805.0,73.1240544,0.25144474470673,0.48865995061727996,1
867,local,422,100.0,1024,1,1024,256,16,false,5,273126.0,2281.1375904,0.9766330390831,0.24544784953704,0
868,local,422,100.0,1024,1,1024,256,16,false,5,272248.0,2273.8042272,0.97670660440136,0.22275309182098998,1
869,local,423,0.1,1024,1,1024,256,16,false,5,108098.0,902.32872,0.25618202048185,0.50292015779321,0
870,local,423,0.1,1024,1,1024,256,16,false,5,109361.0,912.8513664,0.24749415641473,0.47623486226852,1
871,local,424,100.0,64,4,1024,256,16,false,5,268664.0,180.5711904,0.99516364116356,,0
872,local,424,100.0,64,4,1024,256,16,false,5,270630.0,181.9190688,0.99510580005647,,1
873,local,425,0.1,64,4,1024,256,16,false,5,52615.0,35.3606272,0.6380066433297,0.86207984529321,0
874,local,425,0.1,64,4,1024,256,16,false,5,52856.0,35.5213344,0.63636657585514,0.46484620177469,1
875,local,426,100.0,1024,4,1024,256,16,false,5,267880.0,2237.3276256,0.97707761052777,,0
876,local,426,100.0,1024,4,1024,256,16,false,5,267373.0,2233.086336,0.97712507534105,,1
877,local,427,0.1,1024,4,1024,256,16,false,5,53144.0,443.623056,0.63431680437738,0.78893434683642,0
878,local,427,0.1,1024,4,1024,256,16,false,5,55876.0,466.4010528,0.61557090568842,0.80415134027778,1
879,local,428,100.0,64,16,1024,256,16,false,5,272216.0,183.9888096,0.99508928332805,,0
880,local,428,100.0,64,16,1024,256,16,false,5,272383.0,183.566208,0.9950755496655,,1
881,local,429,0.1,64,16,1024,256,16,false,5,27540.0,18.5090464,0.81049559071242,0.85668419174383,0
882,local,429,0.1,64,16,1024,256,16,false,5,28034.0,18.8424864,0.80715473282564,0.53728783680556,1
883,local,430,100.0,1024,16,1024,256,16,false,5,269021.0,2246.8648416,0.97699147838013,0.14172553626543002,0
884,local,430,100.0,1024,16,1024,256,16,false,5,266963.0,2229.6631488,0.97716994685153,,1
885,local,430,100.0,1024,16,1024,256,16,false,5,886586.0,7546.6217344,0.92455121764069,,2
886,local,431,0.1,1024,16,1024,256,16,false,5,28083.0,234.0767328,0.80673771921192,1.9116348746142,0
887,local,431,0.1,1024,16,1024,256,16,false,5,28758.0,239.9409504,0.80214906997239,1.3292127723765002,1
