index,build,test_index,SIZE,NTHREADS,RX-RATE-PPS,RX-RATE-MBPS,LOSE-RATE,AVG-LAT,run_index,RX-GOODPUT-GBPS-PKTGEN
0,Local,0,64,1,5350862.0,3595.7801824,0.89850879189536,0.00049405594135802,0,
1,Local,0,64,1,5368637.0,3607.7235968,0.89794296927451,0.0004934814814814799,1,
2,Local,0,64,1,5339031.0,3587.8284064,0.89846019208196,0.0004976149691358,2,
3,Local,1,128,1,2592394.0,3069.3941056,0.94961848246769,0.00090849845679012,0,
4,Local,1,128,1,2595828.0,3073.4563936,0.94943790024734,0.00087555015432099,1,
5,Local,1,128,1,2597053.0,3074.9091648,0.94944695801129,0.00090438117283951,2,
6,Local,2,256,1,1417194.0,3129.1615104,0.9681212397878,0.0,0,
7,Local,2,256,1,1417055.0,3128.8538496,0.96812934851155,0.0016737314814815,1,
8,Local,2,256,1,1416030.0,3126.589632,0.96815279504604,0.0,2,
9,Local,3,512,1,734737.0,3127.0310592,0.96814388816352,0.0030159537037037,0,
10,Local,3,512,1,734820.0,3127.3826176,0.96814295112157,0.0,1,
11,Local,3,512,1,735166.0,3128.8611808,0.96813050685559,0.0029548070987654,2,
12,Local,4,1024,1,387787.0,3238.7786784,0.96700288281177,0.0056326705246914,0,
13,Local,4,1024,1,387705.0,3238.0824512,0.96701753583015,0.0056983402777778,1,
14,Local,4,1024,1,388058.0,3241.0397952,0.96698994576785,0.005751084104938299,2,
15,Local,5,64,2,10287476.0,6913.1850592,0.79975831224455,0.00039980555555556,0,
16,Local,5,64,2,10271978.0,6902.7695744,0.80013465177859,0.00040236882716049,1,
17,Local,5,64,2,10267981.0,6900.083648,0.80029746046951,0.00040440586419753,2,
18,Local,6,128,2,5175046.0,6127.250736,0.89838812415811,0.00078381095679012,0,
19,Local,6,128,2,5168306.0,6119.2707008,0.89842736041174,0.0007890177469135801,1,
20,Local,6,128,2,5171913.0,6123.5424032,0.8983786095873,0.0008010389660493799,2,
21,Local,7,256,2,2824468.0,6236.4172992,0.93642406199953,0.0,0,
22,Local,7,256,2,2825444.0,6238.5727392,0.936404611891,0.0015667476851852,1,
23,Local,7,256,2,2823632.0,6234.5729952,0.93648384541517,0.0015488317901235,2,
24,Local,8,512,2,1464855.0,6234.3991616,0.93648163725459,0.0030079097222222,0,
25,Local,8,512,2,1465781.0,6238.3387584,0.93645300389327,0.0029934772376543,1,
26,Local,8,512,2,1465815.0,6238.4886752,0.93645683562579,0.0030213888888889003,2,
27,Local,9,1024,2,775139.0,6473.920512,0.93404284485333,0.0056848371913580005,0,
28,Local,9,1024,2,774911.0,6472.0032864,0.9340768133571,0.0057323016975309,1,
29,Local,9,1024,2,774662.0,6469.9273536,0.93408368793607,0.0056541277006173,2,
30,Local,10,64,4,20361710.0,13683.0740512,0.59628049415581,0.00040081674382716,0,
31,Local,10,64,4,20400059.0,13708.8440192,0.59562621034767,0.00040197646604938,1,
32,Local,10,64,4,20356375.0,13679.486768,0.59647782584963,0.00040219212962963,2,
33,Local,11,128,4,10272432.0,12162.546928,0.79625978570866,0.00078828819444444,0,
34,Local,11,128,4,10281029.0,12172.7301824,0.79610627870649,0.00079098688271605,1,
35,Local,11,128,4,10256777.0,12144.0168992,0.7965910946634,0.00079114544753086,2,
36,Local,12,256,4,5607879.0,12382.1759488,0.86986458137856,0.001570768904321,0,
37,Local,12,256,4,5610460.0,12387.876624,0.87039208118755,0.0015696763117284,1,
38,Local,12,256,4,5611835.0,12390.9155904,0.86988828585543,0.0015690304783951001,2,
39,Local,13,512,4,2925324.0,12450.1446016,0.87316848963221,0.003013549382716,0,
40,Local,13,512,4,2925104.0,12449.1971552,0.87317417141229,0.0029945609567901,1,
41,Local,13,512,4,2924005.0,12444.5207872,0.87323003733871,0.0029917457561728002,2,
42,Local,14,1024,4,1547620.0,12925.6255488,0.86831807533063,0.0057203722993827,0,
43,Local,14,1024,4,1548020.0,12928.968624,0.86830293564863,0.0056987496141975,1,
44,Local,14,1024,4,1547443.0,12924.1426592,0.86832529458417,0.0057031446759259,2,
45,Local,15,64,8,40172969.0,26996.424544,0.13287519660985,0.00040353935185184997,0,27.0
46,Local,15,64,8,40426180.0,27166.4726912,0.12593935613749,0.00040181134259259,1,27.0
47,Local,15,64,8,40462425.0,27190.8415456,0.12493039412665,0.00040199729938271997,2,27.0
48,Local,16,128,8,20334616.0,24076.1625248,0.56142517054164,0.00079664274691358,0,24.0
49,Local,16,128,8,20385623.0,24136.556096,0.56035009184175,0.00079550192901235,1,24.0
50,Local,16,128,8,20327921.0,24068.2376192,0.56094045916951,0.00079405285493827,2,24.0
51,Local,17,256,8,11095867.0,24499.6329312,0.71693279210351,0.0015943314043210001,0,24.0
52,Local,17,256,8,11094176.0,24495.89984,0.71452510934853,0.0015955783179012,1,24.0
53,Local,17,256,8,11091023.0,24488.9331072,0.71665614090671,0.0015987260802469,2,24.0
54,Local,18,512,8,5839996.0,24854.9418944,0.74679307723037,0.0030039182098765,0,25.0
55,Local,18,512,8,5838638.0,24849.1627136,0.74684841662457,0.0029988969907407,1,25.0
56,Local,18,512,8,5839171.0,24851.4300736,0.74683626395012,0.0030036442901235,2,25.0
57,Local,19,1024,8,3089671.0,25804.7537472,0.73710004285469,0.0057032962962963,0,26.0
58,Local,19,1024,8,3089090.0,25799.8668768,0.73714927526331,0.0056975381944444,1,26.0
59,Local,19,1024,8,3089549.0,25803.7115584,0.73713055198763,0.0056976427469136,2,26.0
60,Local,20,64,16,44964278.0,30216.324768,2.6453633087176e-05,1.4833719135802e-05,0,30.0
61,Local,20,64,16,44982196.0,30228.3418144,5.47653349523e-05,1.4893904320988e-05,1,30.0
62,Local,20,64,16,44974672.0,30223.1857216,1.9986405197847e-05,1.4900462962963e-05,2,30.0
63,Local,21,128,16,38349663.0,45406.5926752,0.0063771120714933,8.256674382715999e-05,0,46.0
64,Local,21,128,16,38344298.0,45401.1468224,0.0060836517591625,8.2273919753086e-05,1,46.0
65,Local,21,128,16,38357447.0,45415.9180192,0.005297550105285,6.9553240740741e-05,2,46.0
66,Local,22,256,16,21582905.0,47654.9573888,0.33285536909014,0.0016657866512346,0,48.0
67,Local,22,256,16,21574004.0,47635.2981568,0.31566164020872,0.0016714205246914,1,48.0
68,Local,22,256,16,21577821.0,47643.7312,0.32156827370711,0.0016708854166666998,2,48.0
69,Local,23,512,16,11382106.0,48442.067536,0.48096936890531,0.0030852160493827,0,49.0
70,Local,23,512,16,11381184.0,48438.1471808,0.48612735903666,0.0030825200617284,1,49.0
71,Local,23,512,16,11379613.0,48431.4607392,0.49008943973606,0.0030795875771605003,2,49.0
72,Local,24,1024,16,6032449.0,50382.6747456,0.48674035267788,0.0058129320987654,0,51.0
73,Local,24,1024,16,6032423.0,50382.4193344,0.48667656202907,0.0057980023148148,1,51.0
74,Local,24,1024,16,6032019.0,50379.0445536,0.48674398502175,0.0058040941358025,2,51.0
