index,build,test_index,SIZE,RX-RATE-PPS,RX-RATE-MBPS,LOSE-RATE,AVG-LAT,run_index,RX-GOODPUT-GBPS-PKTGEN,GPU-POWER
0,CPU,0,64,5350862.0,3595.7801824,0.89850879189536,0.00049405594135802,0,,
1,CPU,0,64,5368637.0,3607.7235968,0.89794296927451,0.0004934814814814799,1,,
2,CPU,0,64,5339031.0,3587.8284064,0.89846019208196,0.0004976149691358,2,,
3,CPU,1,128,2592394.0,3069.3941056,0.94961848246769,0.00090849845679012,0,,
4,CPU,1,128,2595828.0,3073.4563936,0.94943790024734,0.00087555015432099,1,,
5,CPU,1,128,2597053.0,3074.9091648,0.94944695801129,0.00090438117283951,2,,
6,CPU,2,256,1417194.0,3129.1615104,0.9681212397878,0.0,0,,
7,CPU,2,256,1417055.0,3128.8538496,0.96812934851155,0.0016737314814815,1,,
8,CPU,2,256,1416030.0,3126.589632,0.96815279504604,0.0,2,,
9,CPU,3,512,734737.0,3127.0310592,0.96814388816352,0.0030159537037037,0,,
10,CPU,3,512,734820.0,3127.3826176,0.96814295112157,0.0,1,,
11,CPU,3,512,735166.0,3128.8611808,0.96813050685559,0.0029548070987654,2,,
12,CPU,4,1024,387787.0,3238.7786784,0.96700288281177,0.0056326705246914,0,,
13,CPU,4,1024,387705.0,3238.0824512,0.96701753583015,0.0056983402777778,1,,
14,CPU,4,1024,388058.0,3241.0397952,0.96698994576785,0.005751084104938299,2,,
15,DPU,0,64,2109177.0,1417.36776,0.96062116415642,0.00021108024691358,0,,
16,DPU,0,64,2118575.0,1423.6833608,0.96030083638942,0.00021554706790123,1,,
17,DPU,0,64,2132156.0,1432.809984,0.96008139829904,0.00021424537037037,2,,
18,DPU,1,128,1181313.0,1398.674304,0.97719500818395,0.0,0,,
19,DPU,1,128,1176260.0,1392.6920328,0.97727161815729,0.00031362037037037,1,,
20,DPU,1,128,1157320.0,1370.2658816,0.97760284841792,0.0,2,,
21,DPU,2,256,679786.0,1500.9644384,0.98470690197453,0.0,0,,
22,DPU,2,256,666269.0,1471.1213384,0.98501308873702,0.0,1,,
23,DPU,2,256,682550.0,1507.0695744,0.98464738602693,0.0,2,,
24,DPU,3,512,369945.0,1574.4822728,0.98395909141365,0.00095025424382716,0,,
25,DPU,3,512,371879.0,1582.7133408,0.9838777639503,0.0008638765432098799,1,,
26,DPU,3,512,372100.0,1583.6554656,0.98386858154591,0.0,2,,
27,DPU,4,1024,192917.0,1611.2308808,0.9835822532158,0.0,0,,
28,DPU,4,1024,193685.0,1617.6468576,0.98352083467692,0.0016711589506173,1,,
29,DPU,4,1024,193599.0,1616.934528,0.98352743168597,0.0021126265432099,2,,
30,DOCA,0,64,4359917.0,2929.8643488,0.92024223486546,0.0,0,2.0,419.5
31,DOCA,0,64,4356892.0,2927.8323648,0.91907270656208,0.0,1,2.0,419.76
32,DOCA,0,64,4351361.0,2924.115792,0.91921477083492,0.0,2,2.0,420.4599999999999
33,DOCA,1,128,2429725.0,2876.7933344,0.95370157118403,0.0,0,2.0,416.33000000000004
34,DOCA,1,128,2430748.0,2878.0043712,0.9536456739053,0.0,1,2.0,415.77
35,DOCA,1,128,2430339.0,2877.5202144,0.95363314681436,0.0,2,2.0,415.36
36,DOCA,2,256,1287350.0,2842.4658528,0.97054200262514,0.0,0,2.0,409.69000000000005
37,DOCA,2,256,1287965.0,2843.8230624,0.97053736243317,0.0,1,2.0,412.75
38,DOCA,2,256,1288651.0,2845.3362496,0.9705374793572,0.0,2,2.0,410.58
39,DOCA,3,512,663732.0,2824.8355712,0.97111234654559,0.0,0,2.0,411.33
40,DOCA,3,512,663733.0,2824.8374144,0.9710524965618,0.0,1,2.0,409.42
41,DOCA,3,512,663732.0,2824.8340096,0.97112485701316,0.0,2,2.0,411.53000000000003
42,DOCA,4,1024,336461.0,2810.1052128,0.97128093378152,0.0,0,2.0,409.53000000000003
43,DOCA,4,1024,336461.0,2810.1044544,0.97132883328854,0.0,1,2.0,411.91
44,DOCA,4,1024,336461.0,2810.1042112,0.97126308540307,0.0,2,2.0,409.78000000000003
45,CL,0,64,13833880.0,9296.3694144,0.73610250738627,0.00041644174382716,0,,402.27000000000004
46,CL,0,64,14331391.0,9630.694624,0.72612516796113,0.00041368557098765,1,,402.58000000000004
47,CL,0,64,13786404.0,9264.465984,0.73708631139834,0.00041658603395061997,2,,402.27
48,CL,1,128,13080820.0,15487.6784672,0.74055364026974,0.00047776427469136003,0,,418.5799999999999
49,CL,1,128,13064346.0,15468.1770848,0.74090378160051,0.00046408333333333,1,,422.91
50,CL,1,128,13083117.0,15490.4019616,0.74057405529889,0.0004782137345679,2,,424.89
51,CL,2,256,8022108.0,17712.7841568,0.80222615597803,0.0081088977623457,0,,432.51
52,CL,2,256,8026113.0,17721.6278464,0.80284321373838,0.0080579648919753,1,,433.87
53,CL,2,256,8023401.0,17715.6360096,0.80244337331576,0.0080855628858025,2,,433.04
54,CL,3,512,4560882.0,19411.0377536,0.78944415961041,0.013918108796296,0,,434.74
55,CL,3,512,4559809.0,19406.4754048,0.78983014080255,0.013949499228395,1,,437.25
56,CL,3,512,4565069.0,19428.8563072,0.78902424905635,0.013887812885802,2,,436.22999999999996
57,CL,4,1024,2455067.0,20504.549904,0.78577832357178,0.025979439814815,0,,438.15
58,CL,4,1024,2457786.0,20527.2657696,0.78536778721618,0.025972678240741,1,,441.14
59,CL,4,1024,2456476.0,20516.3185056,0.78550041336869,0.026003691358025,2,,440.35999999999996
60,ROI,0,64,9087758.0,6106.973712,0.82959910958969,0.0,0,6.0,266.85
61,ROI,0,64,9056684.0,6086.0919168,0.830119750523,0.0,1,6.0,261.28000000000003
62,ROI,0,64,9061929.0,6089.6168928,0.8301417492126,0.0,2,6.0,261.68
63,ROI,1,128,8042088.0,9521.819616,0.84269698052377,0.00053670293209877,0,9.0,257.77000000000004
64,ROI,1,128,8063608.0,9547.3074112,0.84240900836311,0.00054295524691358,1,9.0,261.65
65,ROI,1,128,8031011.0,9508.7114528,0.84306598480554,0.00054028587962963,2,9.0,261.34
66,ROI,2,256,7332874.0,16190.960448,0.81917165578043,0.00075187577160494,0,16.0,260.59999999999997
67,ROI,2,256,7374098.0,16281.9808,0.81802354739067,0.00075716358024691,1,16.0,259.98
68,ROI,2,256,7388560.0,16313.9156736,0.81783864239319,0.0007512839506172799,2,16.0,261.19
69,ROI,3,512,5650978.0,24050.468848,0.73506626195801,0.00093955787037037,0,24.0,352.78999999999996
70,ROI,3,512,5645303.0,24026.32248,0.73501192832813,0.00093978240740741,1,24.0,361.32
71,ROI,3,512,5652062.0,24055.0938624,0.73510586856065,0.00093121296296296,2,24.0,358.1500000000001
72,ROI,4,1024,3953162.0,33016.5334144,0.652026389209,0.0015283981481481002,0,33.0,380.76
73,ROI,4,1024,3965445.0,33119.1213408,0.6509626430667,0.0015263167438272001,1,33.0,377.52
74,ROI,4,1024,3953424.0,33018.6940416,0.6523351884401,0.0015276485339506,2,33.0,379.51
